catalog_id,group,ordinal,source_name,official_url,additional_official_urls,access_structure,audience_fields,policy_notes,recommendation,priority,implementation_status,connector_id,implementation_note,verification_status,verified_at,source_document
regional_portals:001,regional_portals,1,서울 공공서비스예약 통합정보,https://data.seoul.go.kr/dataList/OA-20497/S/1/datasetView.do,,"문서 200, API 공개키 필요, robots 허용","tvYeyakCOllect; SVCID, SVCNM, SVCSTATNM, PAYATNM, PLACENM, USETGTINFO, SVCURL, X/Y, 운영·접수 시작/종료","공식 JSON API, 1–1000 구간 페이지네이션. P1","공식 JSON API, 1–1000 구간 페이지네이션. P1",P1,researched_not_implemented,,Verified candidate; requires a source-specific contract and policy approval.,official_page_verified,2026-07-15,docs/research/regional-portals.md
regional_portals:002,regional_portals,2,서울 공공서비스예약 교육강좌 정보,https://data.seoul.go.kr/dataList/OA-2268/A/1/datasetView.do,,"문서 200, API 공개키 필요",ListPublicReservationEducation; 소분류·서비스명·대상·지역 선택 필터,공식 JSON API. #1 중복은 SVCID로 제거하고 교육 세부 분류 보강. P1,공식 JSON API. #1 중복은 SVCID로 제거하고 교육 세부 분류 보강. P1,P1,implemented_api,seoul_reservation_education,Exact official API product.,official_page_verified,2026-07-15,docs/research/regional-portals.md
regional_portals:003,regional_portals,3,서울 문화행사 정보,https://data.seoul.go.kr/dataList/OA-15486/S/1/datasetView.do?tab=A,,"문서 200, API 공개키 필요","culturalEventInfo; CODENAME, TITLE, 날짜, 장소, 대상, 요금, 좌표, 원문 URL","공식 JSON API, 어린이·가족·교육 분류 필터. P1","공식 JSON API, 어린이·가족·교육 분류 필터. P1",P1,implemented_api,seoul_cultural_events,Exact official API product.,official_page_verified,2026-07-15,docs/research/regional-portals.md
regional_portals:004,regional_portals,4,서울의 공원 프로그램,https://parks.seoul.go.kr/friend/gathering/list.do,,200; robots에서 목록 경로 비차단,"SSR 목록·상세; 프로그램명, 공원, 모집/운영기간, 대상, 상태","목록 1회/일, 변경 상세만. P1","목록 1회/일, 변경 상세만. P1",P1,researched_not_implemented,,Verified candidate; requires a source-specific contract and policy approval.,official_page_verified,2026-07-15,docs/research/regional-portals.md
regional_portals:005,regional_portals,5,서울시교육청과학전시관 가족천문교실,https://ssei.sen.go.kr/fus/MI000000000000000084/program/CD00000218/list0010v.do,,200; robots의 일부 구 게시판 차단과 무관한 공개 목록,"SSR; 회차, 신청기간, 대상, 정원, 상태, 상세키",가족·초등 대상만 수집. P2,가족·초등 대상만 수집. P2,P2,researched_not_implemented,,Verified candidate; requires a source-specific contract and policy approval.,official_page_verified,2026-07-15,docs/research/regional-portals.md
regional_portals:006,regional_portals,6,강남구 통합예약 교육·체험,https://life.gangnam.go.kr/fmcs/52?action=read&classcd=00009&comcd=GNCC28&type=R,,200; robots 허용,"FMCS SSR; classcd, comcd, 프로그램·운영시간·요일·대상·정원","FMCS 전용 파서, 상세키 조합. P2","FMCS 전용 파서, 상세키 조합. P2",P2,researched_not_implemented,,Verified candidate; requires a source-specific contract and policy approval.,official_page_verified,2026-07-15,docs/research/regional-portals.md
regional_portals:007,regional_portals,7,금천구 통합예약 교육강좌,https://www.geumcheon.go.kr/reserve/webEdcLctreList.do?key=112,,200; robots는 검색 경로만 차단,"webEdcLctreList/View; searchLctreKey, 접수/교육기간, 대상, 장소, 상태",MunicipalWebReserveAdapter. P2,MunicipalWebReserveAdapter. P2,P2,implemented_opt_in,geumcheon_education_reservation,Shared municipal adapter; public list/detail facts only. Gimpo remains robots-blocked; Anyang remains TLS-runtime-blocked.,official_page_verified,2026-07-15,docs/research/regional-portals.md
regional_portals:008,regional_portals,8,종로구 통합예약,https://www.jongno.go.kr/reserv/main.do,,200; robots User-agent: * / Disallow: /,교육·체험·시설 통합 UI,"자동 수집 금지, 링크 디렉터리나 기관 협의만. P3","자동 수집 금지, 링크 디렉터리나 기관 협의만. P3",P3,policy_or_access_blocked,,"No automated collector until an official API, permission, or partnership exists.",official_page_verified,2026-07-15,docs/research/regional-portals.md
regional_portals:009,regional_portals,9,동작구 통합예약 이용 안내,https://www.dongjak.go.kr/yeyak/main/contents.do?menuNo=1600023,,"200; robots 선택 규칙, 전체 정책 재검토 필요","교육·체험·시설·행사 카테고리, 공개 SSR",정책 확인 후 하루 1회. P2,정책 확인 후 하루 1회. P2,P2,researched_not_implemented,,Verified candidate; requires a source-specific contract and policy approval.,official_page_verified,2026-07-15,docs/research/regional-portals.md
regional_portals:010,regional_portals,10,인천광역시 온라인통합예약 교육강좌,https://www.incheon.go.kr/res/RE010101/lctreEdcList?sortType=CHILD&stateType=ING&appTp=LCTRE&curPage=1,,"200; robots 404, 목록 공개·예약은 로그인 가능","resveInsttCode, setleChrgeSeCode=FREE/CHARGE, stateType=ING/WAITING, appTp, sortType=CHILD/WEEKEND, 날짜·검색어·curPage; 상세 progrmSn",어린이/주말·접수중 서버 필터 활용. P1,어린이/주말·접수중 서버 필터 활용. P1,P1,researched_not_implemented,,Verified candidate; requires a source-specific contract and policy approval.,official_page_verified,2026-07-15,docs/research/regional-portals.md
regional_portals:011,regional_portals,11,인천광역시교육청 체험예약,https://www.ice.go.kr/ice/exprn/selectExprnList.do?mi=11607,,"200; robots는 /common, /comm만 차단","srchRsSysId, exprnSeq, exprnPeriodSeq, srchRsvSttus, 접수/운영일, srchRceptTrget(유아·학생·학부모·가족 등), currPage","교육청 공통 어댑터. 목록·상세 공개, 신청만 로그인. P1","교육청 공통 어댑터. 목록·상세 공개, 신청만 로그인. P1",P1,implemented_opt_in,incheon_education_experience,"Shared education-office adapter; public list/detail GET only, no application.",official_page_verified,2026-07-15,docs/research/regional-portals.md
regional_portals:012,regional_portals,12,경기공유서비스,https://share.gg.go.kr/,,루트 200·robots 허용/사이트맵; 일부 목록에서 NetFunnel 관측,"facilityId, instiCode, 지역·시설·프로그램·예약 링크",대기열 우회 금지. 공유누리 공식 API나 기관 협의 전까지 자동화 보류. P3,대기열 우회 금지. 공유누리 공식 API나 기관 협의 전까지 자동화 보류. P3,P3,policy_or_access_blocked,,"No automated collector until an official API, permission, or partnership exists.",official_page_verified,2026-07-15,docs/research/regional-portals.md
regional_portals:013,regional_portals,13,수원시 교육강좌 예약,https://www.suwon.go.kr/web/reserv/edu/list.do,,200; robots의 비관련 경로만 차단,"eduMstSeq; 강좌명, 접수/교육기간, 요일·시간, 대상, 모집/대기, 장소, 상태",공개 SSR 표/카드. P1,공개 SSR 표/카드. P1,P1,implemented_opt_in,suwon_education_experience,"Public current/soon result table only; no detail, login, or reservation calls.",official_page_verified,2026-07-15,docs/research/regional-portals.md
regional_portals:014,regional_portals,14,고양시 통합예약,https://www.goyang.go.kr/resve/manage/BD_selectResveManageList.do?q_resveTopClCode=CL_02,,200; robots 허용,"q_resveTopClCode=CL_01..05, q_resveSttusCode, resveSn; 상세 JS 링크",BDSelectReservationAdapter. P2,BDSelectReservationAdapter. P2,P2,implemented_opt_in,goyang_experience_reservation,Shared municipal adapter; public list/detail facts only. Gimpo remains robots-blocked; Anyang remains TLS-runtime-blocked.,official_page_verified,2026-07-15,docs/research/regional-portals.md
regional_portals:015,regional_portals,15,부천시 공공서비스예약 견학·체험,https://reserv.bucheon.go.kr/site/main/see/list,,200; robots 404,"program_seq; 무료/유료, 온라인, 상태, 신청·운영일, 장소. 자연생태공원·건강체험관·천문과학관·재난체험 등 기관 필터",적합도가 높고 상세키 안정적. P1,적합도가 높고 상세키 안정적. P1,P1,researched_not_implemented,,Verified candidate; requires a source-specific contract and policy approval.,official_page_verified,2026-07-15,docs/research/regional-portals.md
regional_portals:016,regional_portals,16,안양시 교육강좌 예약,https://www.anyang.go.kr/reserve/selectEduLctreWebList.do?key=1376&searchDiv=1,,브라우저용 공개 HTML 구조 확인; 현재 표준 Python TLS 런타임은 안전한 연결 협상 실패,"selectEduLctreWebList, eduLctreWebView, eduLctreNo, key, searchDiv; 별도 온라인예약 목록","SelectWebListAdapter fixture 구현, available=False로 네트워크 차단. 서버 TLS 정상화 후 재검증. P2","SelectWebListAdapter fixture 구현, available=False로 네트워크 차단. 서버 TLS 정상화 후 재검증. P2",P2,implemented_policy_guarded,anyang_education_reservation,Shared municipal adapter; public list/detail facts only. Gimpo remains robots-blocked; Anyang remains TLS-runtime-blocked.,official_page_verified,2026-07-15,docs/research/regional-portals.md
regional_portals:017,regional_portals,17,화성시 통합예약,https://yeyak.hscity.go.kr/indexIntro.do,,200; robots 허용이나 netfunnel.js와 NetFunnel_Action 확인,대기열 후 목록·로그인 진입,대기열 우회 금지. 공개 피드 요청 전까지 P3,대기열 우회 금지. 공개 피드 요청 전까지 P3,P3,policy_or_access_blocked,,"No automated collector until an official API, permission, or partnership exists.",official_page_verified,2026-07-15,docs/research/regional-portals.md
regional_portals:018,regional_portals,18,용인시 통합예약 체험·참여,https://resve.yongin.go.kr/resve/manage/BD_selectResveManageList.do?q_lclas=CL_01&q_resveCl=CL_01_3,,200; robots 404,"q_lclas=CL_01 체험/참여, CL_02 교육, q_resveCl, resveSn; 안전·견학·숲·농촌·기후 체험",고양과 같은 BDSelectReservationAdapter. P2,고양과 같은 BDSelectReservationAdapter. P2,P2,implemented_opt_in,yongin_experience_reservation,Shared municipal adapter; public list/detail facts only. Gimpo remains robots-blocked; Anyang remains TLS-runtime-blocked.,official_page_verified,2026-07-15,docs/research/regional-portals.md
regional_portals:019,regional_portals,19,김포시 통합예약 체험,https://www.gimpo.go.kr/reserve/webEtcResveList.do?key=113&rep=1&etcProgramSection=EXPERIENCE,,공개 목록 구조 확인; 현재 일반 User-Agent robots Disallow: /,"webEtcResveList/View, etcProgramSection, searchEtcGroup, searchEtcResveNo; 제목·접수/운영일·대상·장소·가격·상태",금천과 같은 파서는 구현하되 available=False; robots 정책 변경/서면 허용 전 자동 요청 금지. P3,금천과 같은 파서는 구현하되 available=False; robots 정책 변경/서면 허용 전 자동 요청 금지. P3,P3,implemented_policy_guarded,gimpo_experience_reservation,Shared municipal adapter; public list/detail facts only. Gimpo remains robots-blocked; Anyang remains TLS-runtime-blocked.,official_page_verified,2026-07-15,docs/research/regional-portals.md
regional_portals:020,regional_portals,20,경기데이터드림 문화·관광 데이터,https://data.gg.go.kr/portal/data/service/selectServicePage.do?infId=Y3WQP2JI34FGGG9LO9ID30977197&infSeq=1,,"공식 문서 공개, 키 필요; 현 데이터의 갱신/분할 규칙이 모호","https://openapi.gg.go.kr/{service}; KEY, Type, pIndex, pSize",실제 최신 행·라이선스 검증 후 승격. P3,실제 최신 행·라이선스 검증 후 승격. P3,P3,policy_or_access_blocked,,"No automated collector until an official API, permission, or partnership exists.",official_page_verified,2026-07-15,docs/research/regional-portals.md
regional_portals:021,regional_portals,21,부산광역시 통합예약 교육강좌 / 견학·체험,https://reserve.busan.go.kr/lctre/list?curPage=1,https://reserve.busan.go.kr/exprn,목록 200; robots 요청은 401로 정책 확인 불가,"progrmSn, resveGroupSn, curPage, 기간·분류·구군·상태·기관·예약방법·검색어; /lctre/view, /exprn/view",운영자 문의와 낮은 빈도 전제. P2,운영자 문의와 낮은 빈도 전제. P2,P2,researched_not_implemented,,Verified candidate; requires a source-specific contract and policy approval.,official_page_verified,2026-07-15,docs/research/regional-portals.md
regional_portals:022,regional_portals,22,부산광역시교육청 통합예약 체험,https://home.pen.go.kr/yeyak/exprn/selectExprnList.do?contestAt=N&mi=14438,,200; robots의 선택 제한에 목록 미포함,"교육청 공통 srchRsSysId, exprnSeq, exprnPeriodSeq, 상태·기간·대상",교육청 공통 어댑터. P1,교육청 공통 어댑터. P1,P1,implemented_opt_in,busan_education_experience,"Shared education-office adapter; public list/detail GET only, no application.",official_page_verified,2026-07-15,docs/research/regional-portals.md
regional_portals:023,regional_portals,23,부산소방재난본부 안전교육,https://119edu.busan.go.kr/main/4?action=list,,200; robots 응답이 정상 정책 텍스트가 아니어서 재확인 필요,"action=list/read; 교육명, 대상, 기간, 정원, 상태",아동 안전 체험만 필터. P2,아동 안전 체험만 필터. P2,P2,researched_not_implemented,,Verified candidate; requires a source-specific contract and policy approval.,official_page_verified,2026-07-15,docs/research/regional-portals.md
regional_portals:024,regional_portals,24,대구광역시 통합예약,https://yeyak.daegu.go.kr/,,200; robots 허용이나 SPA에 NetFunnel 스크립트·대기 호스트 확인,"SPA 라우트 /expr, /lect; 내부 /api/v1/res/cmmn/ 흔적",비공개 API 역공학·대기열 우회 금지. 공식 API 협의 전 P3,비공개 API 역공학·대기열 우회 금지. 공식 API 협의 전 P3,P3,policy_or_access_blocked,,"No automated collector until an official API, permission, or partnership exists.",official_page_verified,2026-07-15,docs/research/regional-portals.md
regional_portals:025,regional_portals,25,대구 북구 통합예약,https://www.buk.daegu.kr/reserve/index.do?menu_id=00002964,,200; robots는 파일·게시판 일부 제한,"공개 SSR; 프로그램, 기관, 신청/운영일, 대상, 상태",하루 1회 HTML. P2,하루 1회 HTML. P2,P2,researched_not_implemented,,Verified candidate; requires a source-specific contract and policy approval.,official_page_verified,2026-07-15,docs/research/regional-portals.md
regional_portals:026,regional_portals,26,대구 서구 통합예약,https://dgs.go.kr/reserve/main.do,,200; robots는 검색만 차단,"공개 SSR, 체험·교육 카테고리와 어린이 건강 프로그램",목록 중심 수집. P2,목록 중심 수집. P2,P2,researched_not_implemented,,Verified candidate; requires a source-specific contract and policy approval.,official_page_verified,2026-07-15,docs/research/regional-portals.md
regional_portals:027,regional_portals,27,광주광역시 바로예약 교육 / 체험,https://www.gwangju.go.kr/reserve/bookingList.do?pageId=reserve1&searchCate1=A,https://www.gwangju.go.kr/reserve/bookingList.do?pageId=reserve44&searchCate1=B,200; robots에 Googlebot 전체 차단 규칙이 있어 일반 UA 정책도 전문 검토 필요,"bookingCode, pageId, searchCate1=A/B; 제목, 상태, 기간, 기관, 대상, 요금",Googlebot 가장 금지. 보수적 UA·정책 확인 후 P2,Googlebot 가장 금지. 보수적 UA·정책 확인 후 P2,P2,researched_not_implemented,,Verified candidate; requires a source-specific contract and policy approval.,official_page_verified,2026-07-15,docs/research/regional-portals.md
regional_portals:028,regional_portals,28,광주광역시유아교육진흥원,https://iedu.gen.go.kr/,,200; robots 404,"가족·유아 체험 프로그램 공개 SSR, 신청 공지/회차/대상",초등 연계·가족 허용 프로그램만. P2,초등 연계·가족 허용 프로그램만. P2,P2,researched_not_implemented,,Verified candidate; requires a source-specific contract and policy approval.,official_page_verified,2026-07-15,docs/research/regional-portals.md
regional_portals:029,regional_portals,29,대전 OK예약 견학·체험,https://www.daejeon.go.kr/okr2019/expRsvtList.do,,200; robots Disallow: /,공개 화면은 있으나 전체 자동 접근 금지,"링크만 제공, 자동 수집 금지. P3","링크만 제공, 자동 수집 금지. P3",P3,policy_or_access_blocked,,"No automated collector until an official API, permission, or partnership exists.",official_page_verified,2026-07-15,docs/research/regional-portals.md
regional_portals:030,regional_portals,30,대전유아교육진흥원,https://www.dje-i.go.kr/djei/main.do,,200; robots Disallow: /,가족 주말체험 등 공개 메뉴,자동 수집 금지. P3,자동 수집 금지. P3,P3,policy_or_access_blocked,,"No automated collector until an official API, permission, or partnership exists.",official_page_verified,2026-07-15,docs/research/regional-portals.md
regional_portals:031,regional_portals,31,울산광역시 공공시설예약서비스,https://www.ulsan.go.kr/y/yes,,공식 진입 URL이나 기준일 HEAD 405·GET 리다이렉트/타임아웃 혼재; 시 루트 robots는 일부 관리 경로 외 허용,통합 교육·체험·시설 UI,안정된 canonical/공식 피드 확인 전 P3,안정된 canonical/공식 피드 확인 전 P3,P3,policy_or_access_blocked,,"No automated collector until an official API, permission, or partnership exists.",official_page_verified,2026-07-15,docs/research/regional-portals.md
regional_portals:032,regional_portals,32,울산유아교육진흥원,https://use.go.kr/uskids/index.do,,200; robots 404,"체험교육·가족체험 안내, 교육청 통합예약 연결",가족/초등 허용 공지만 하루 1회. P2,가족/초등 허용 공지만 하루 1회. P2,P2,researched_not_implemented,,Verified candidate; requires a source-specific contract and policy approval.,official_page_verified,2026-07-15,docs/research/regional-portals.md
regional_portals:033,regional_portals,33,세종시 통합예약시스템,https://onestop.sejong.go.kr/,,200 후 /Usr/main/main.do; robots Disallow: /,시설·실내놀이터·교육 예약,자동 수집 금지. P3,자동 수집 금지. P3,P3,policy_or_access_blocked,,"No automated collector until an official API, permission, or partnership exists.",official_page_verified,2026-07-15,docs/research/regional-portals.md
regional_portals:034,regional_portals,34,세종SW교육체험센터 개인체험,https://edu.sje.go.kr/sw/sub.do?menukey=4203,,"200; robots에서 일반 UA 허용, Googlebot 별도 차단","Switch ON 등 회차형 SW체험; 제목, 일시, 학년/대상, 신청기간, 정원","일반 식별 UA, 하루 1회. P2","일반 식별 UA, 하루 1회. P2",P2,researched_not_implemented,,Verified candidate; requires a source-specific contract and policy approval.,official_page_verified,2026-07-15,docs/research/regional-portals.md
regional_portals:035,regional_portals,35,원주시 통합예약,https://yeyak.wonju.go.kr/,,200; robots 404. 원주시 공식 안내가 교육강좌·통합예약 경로 확인,"공개 SSR; 강좌/체험명, 기관, 대상, 접수/운영일, 상태",하루 1회. P2,하루 1회. P2,P2,researched_not_implemented,,Verified candidate; requires a source-specific contract and policy approval.,official_page_verified,2026-07-15,docs/research/regional-portals.md
regional_portals:036,regional_portals,36,춘천도시공사 통합예약,https://rev.cuc.or.kr/www/1,,200; robots 허용,"주로 체육시설·강좌, 일부 가족 프로그램",현재 체험 적합도가 낮아 감시 목록만. P3,현재 체험 적합도가 낮아 감시 목록만. P3,P3,policy_or_access_blocked,,"No automated collector until an official API, permission, or partnership exists.",official_page_verified,2026-07-15,docs/research/regional-portals.md
regional_portals:037,regional_portals,37,충청북도교육청 통합예약 체험,https://www.cbe.go.kr/yeyak/exprn/selectExprnList.do?mi=11424,,"200; robots의 /common, /comm 외 허용","교육청 공통 키; 기관, 체험명, 운영/신청기간, 대상, 신청구분, 상태",교육청 공통 어댑터. P1,교육청 공통 어댑터. P1,P1,implemented_opt_in,chungbuk_education_experience,"Shared education-office adapter; public list/detail GET only, no application.",official_page_verified,2026-07-15,docs/research/regional-portals.md
regional_portals:038,regional_portals,38,청주시 통합예약 체험,https://ticket.cheongju.go.kr/www/selectExprnWebList.do?key=8,,200; robots 404,"selectExprnWebList/View; 교육은 selectEduLctreWebList, lctreNo, key, 페이지",SelectWebListAdapter. P1,SelectWebListAdapter. P1,P1,implemented_opt_in,cheongju_experience_reservation,Shared municipal adapter; public list/detail facts only. Gimpo remains robots-blocked; Anyang remains TLS-runtime-blocked.,official_page_verified,2026-07-15,docs/research/regional-portals.md
regional_portals:039,regional_portals,39,충주시 통합예약,https://www.chungju.go.kr/rev/reserve/1,,200; robots 문법이 불명확해 정책 재확인 필요,"문화체험·교육 공개 SSR, 목록·상세 ID","하루 1회, 문의 권장. P2","하루 1회, 문의 권장. P2",P2,researched_not_implemented,,Verified candidate; requires a source-specific contract and policy approval.,official_page_verified,2026-07-15,docs/research/regional-portals.md
regional_portals:040,regional_portals,40,충청북도교육문화원 통합예약,https://www.cbec.go.kr/reserve/main.php,,200; robots Disallow: /,공연·체험·강좌 예약,자동 수집 금지. P3,자동 수집 금지. P3,P3,policy_or_access_blocked,,"No automated collector until an official API, permission, or partnership exists.",official_page_verified,2026-07-15,docs/research/regional-portals.md
regional_portals:041,regional_portals,41,아산시 통합예약,https://www.asan.go.kr/yeyak/,,200; robots 404,"평생학습/교육·체험 SSR, 제목·기관·신청/운영일·대상·상태",하루 1회. P2,하루 1회. P2,P2,researched_not_implemented,,Verified candidate; requires a source-specific contract and policy approval.,official_page_verified,2026-07-15,docs/research/regional-portals.md
regional_portals:042,regional_portals,42,천안시 통합예약,https://gongyoo.cheonan.go.kr/,,공식 시 사이트 연결 확인; 기준일 환경에서 403/WAF,공유·교육·체험 통합 UI,"WAF 우회 금지, 기관 API 협의만. P3","WAF 우회 금지, 기관 API 협의만. P3",P3,policy_or_access_blocked,,"No automated collector until an official API, permission, or partnership exists.",official_page_verified,2026-07-15,docs/research/regional-portals.md
regional_portals:043,regional_portals,43,장수군 통합예약,https://www.jangsu.go.kr/reserve/index.jangsu?menuCd=DOM_000000503002000000,,200; robots는 이미지·업로드·게시판 일부만 제한,".jangsu DOM CMS; menuCd, 공연/문화행사·체험·교육, 세부 ID",RegionalDOMCmsAdapter. P2,RegionalDOMCmsAdapter. P2,P2,researched_not_implemented,,Verified candidate; requires a source-specific contract and policy approval.,official_page_verified,2026-07-15,docs/research/regional-portals.md
regional_portals:044,regional_portals,44,전주관광 프로그램 예약,https://tour.jeonju.go.kr/index.jeonju?menuCd=DOM_000000102002001000,,200; robots 허용,".jeonju DOM CMS; facSid, 프로그램, 일정, 대상, 요금, 장소",관광 체험 적합도 높음. P2,관광 체험 적합도 높음. P2,P2,researched_not_implemented,,Verified candidate; requires a source-specific contract and policy approval.,official_page_verified,2026-07-15,docs/research/regional-portals.md
regional_portals:045,regional_portals,45,익산글로벌문화관 교육·체험 예약,https://www.iksan.go.kr/global/,,200; robots 주요 UA 허용,".iksan CMS; 다문화 교육·체험, 일정, 대상, 모집상태",초등·가족 대상 필터. P2,초등·가족 대상 필터. P2,P2,researched_not_implemented,,Verified candidate; requires a source-specific contract and policy approval.,official_page_verified,2026-07-15,docs/research/regional-portals.md
regional_portals:046,regional_portals,46,김제시 통합예약,https://www.gimje.go.kr/reserve/index.gimje,,200; robots는 검색·게시판 일부 제한,".gimje CMS; 교육·체험, 신청/운영일, 대상, 상태",지역 DOM CMS 변형. P2,지역 DOM CMS 변형. P2,P2,researched_not_implemented,,Verified candidate; requires a source-specific contract and policy approval.,official_page_verified,2026-07-15,docs/research/regional-portals.md
regional_portals:047,regional_portals,47,전라남도교육청 통합예약 체험,https://yeyak.jne.kr/yeyak/exprn/selectExprnList.do?mi=10205166,,200; robots는 검색·일부 게시판만 차단,"교육청 공통 키; 기관, 체험명, 운영/신청기간, 대상, 상태",교육청 공통 어댑터. P1,교육청 공통 어댑터. P1,P1,implemented_opt_in,jeonnam_education_experience,"Shared education-office adapter; public list/detail GET only, no application.",official_page_verified,2026-07-15,docs/research/regional-portals.md
regional_portals:048,regional_portals,48,여수시 OK통합예약,https://www.yeosu.go.kr/newok/,,200; robots 허용,"VR체험, 이순신 스토리워크, 환경 견학 등; 프로그램·회차·대상·상태",체험 카테고리 우선. P1,체험 카테고리 우선. P1,P1,researched_not_implemented,,Verified candidate; requires a source-specific contract and policy approval.,official_page_verified,2026-07-15,docs/research/regional-portals.md
regional_portals:049,regional_portals,49,순천시 바로예약,https://www.suncheon.go.kr/yeyak/,,200; robots는 CMS·투표 일부 제한,"교육강좌·체험 SSR, 제목·기관·기간·대상·상태",하루 1회. P2,하루 1회. P2,P2,researched_not_implemented,,Verified candidate; requires a source-specific contract and policy approval.,official_page_verified,2026-07-15,docs/research/regional-portals.md
regional_portals:050,regional_portals,50,곡성교육포털,https://www.gokmg.or.kr/edu/,,"구 군청 URL이 현 포털로 연결; 200, robots 404","통합 프로그램 예약·온라인 결제, 제목·기관·일정·대상·정원",결제/신청은 제외하고 공개 목록만. P2,결제/신청은 제외하고 공개 목록만. P2,P2,researched_not_implemented,,Verified candidate; requires a source-specific contract and policy approval.,official_page_verified,2026-07-15,docs/research/regional-portals.md
regional_portals:051,regional_portals,51,경상북도교육청 온체험 통합예약,https://www.gbe.kr/edushare/exprn/selectExprnList.do?mi=17609,,200; robots는 편집기 경로만 차단,"교육청 공통 키. 기관 AJAX POST /edushare/rs/search/selectRsTypeDetailList.do + rsType=exprn이 rsSysId, rsSysNm JSON 반환; 프로그램 옵션 AJAX와 공개 상세",실응답 fixture 보유. P1,실응답 fixture 보유. P1,P1,implemented_opt_in,gyeongbuk_education_experience,Public list only; runtime robots fail-closed; no detail or reservation calls.,official_page_verified,2026-07-15,docs/research/regional-portals.md
regional_portals:052,regional_portals,52,상주시 통합예약,https://www.sangju.go.kr/reserve/reservation/list.tc?mn=15375&searchTrgtClsfCd=RMS004001,,200; robots는 내부 경로 일부 외 허용,".tc; cyclNo, searchTrgtClsfCd, 제목, 접수/운영일, 대상, 정원, 상태",하루 1회. P2,하루 1회. P2,P2,researched_not_implemented,,Verified candidate; requires a source-specific contract and policy approval.,official_page_verified,2026-07-15,docs/research/regional-portals.md
regional_portals:053,regional_portals,53,봉화군 통합예약,https://www.bonghwa.go.kr/reservation/main.do,,200; robots Disallow: /,교육·체험·시설 통합 UI,자동 수집 금지. P3,자동 수집 금지. P3,P3,policy_or_access_blocked,,"No automated collector until an official API, permission, or partnership exists.",official_page_verified,2026-07-15,docs/research/regional-portals.md
regional_portals:054,regional_portals,54,경상남도교육청 통합예약,https://service.gne.go.kr/yeyak/trn/trnList.do?insttId=myhappy&mi=7124,,"현재 302로 /sso/agentInitProc.jsp 진입 후 루트 이동, 세션 필요",검색엔진에는 일부 체험 목록이 노출되지만 직접 목록은 SSO 의존,"세션 자동화 금지, 공개 피드 협의. P3","세션 자동화 금지, 공개 피드 협의. P3",P3,policy_or_access_blocked,,"No automated collector until an official API, permission, or partnership exists.",official_page_verified,2026-07-15,docs/research/regional-portals.md
regional_portals:055,regional_portals,55,창원시 일상플러스,https://www.changwon.go.kr/booking/,,200 후 /booking/main.web; robots Crawl-delay: 10,"교육강좌·견학체험·대관; .web, fcd, lectureId, 신청/운영일·대상·상태","10초 이상 간격, 하루 1회. P1","10초 이상 간격, 하루 1회. P1",P1,researched_not_implemented,,Verified candidate; requires a source-specific contract and policy approval.,official_page_verified,2026-07-15,docs/research/regional-portals.md
regional_portals:056,regional_portals,56,김해시 공공예약포털,https://www.gimhae.go.kr/yes/,,200 후 /yes/main.web; robots는 검색 등 일부만 제한,공공시설·교육·체험; .web 목록/상세 ID,하루 1회. P2,하루 1회. P2,P2,researched_not_implemented,,Verified candidate; requires a source-specific contract and policy approval.,official_page_verified,2026-07-15,docs/research/regional-portals.md
regional_portals:057,regional_portals,57,양산시 통합예약,https://www.yangsan.go.kr/booking/main.do,,200; robots는 시스템·검색·게시판 일부 제한,"공개 SSR; 체험·교육, 기간, 대상, 가격, 상태",하루 1회. P2,하루 1회. P2,P2,researched_not_implemented,,Verified candidate; requires a source-specific contract and policy approval.,official_page_verified,2026-07-15,docs/research/regional-portals.md
regional_portals:058,regional_portals,58,제주특별자치도교육청 기관 체험예약,https://org.jje.go.kr/jjeExperience/list.jje?menuCd=DOM_000000501001000000,,200; 일반 UA robots Disallow: /,".jje DOM CMS; experienceSid, 유형, 제목, 날짜, 장소, 상태",화면 자동 수집 금지. 아래 공개 파일 사용. P3,화면 자동 수집 금지. 아래 공개 파일 사용. P3,P3,policy_or_access_blocked,,"No automated collector until an official API, permission, or partnership exists.",official_page_verified,2026-07-15,docs/research/regional-portals.md
regional_portals:059,regional_portals,59,제주교육청 체험프로그램 공개데이터,https://www.data.go.kr/data/15146035/fileData.do,,공공데이터포털 공식 파일 데이터,"관리기관, 체험유형, 제목, 시작/종료, 기타일정, 신청 시작/종료, 정원/대기, 장소",갱신주기를 확인해 화면 대신 사용. 위치 기반 후보의 seed로 유용. P2,갱신주기를 확인해 화면 대신 사용. 위치 기반 후보의 seed로 유용. P2,P2,researched_not_implemented,,Verified candidate; requires a source-specific contract and policy approval.,official_page_verified,2026-07-15,docs/research/regional-portals.md
regional_portals:060,regional_portals,60,한국문화관광해설사중앙협의회 지역별 예약,https://www.kctg.or.kr/reservation/apply01.do,,200; robots는 공통·검색 일부 외 허용,"시도·관광지 선택, 프로그램/일정/신청 링크",지자체 누락 지역의 보완용. P2,지자체 누락 지역의 보완용. P2,P2,researched_not_implemented,,Verified candidate; requires a source-specific contract and policy approval.,official_page_verified,2026-07-15,docs/research/regional-portals.md
public_institutions:001,public_institutions,1,국립중앙박물관 · 서울 · 박물관,https://modu.museum.go.kr/learn?museum=1&searchApplyStatus=ONGOING,,"M: SSR 200, robots 허용, 목록 공개/신청 로그인, A, R1/R4, P0",유아/초등/가족/단체; 일정·접수·대상·비용·장소,"M: SSR 200, robots 허용, 목록 공개/신청 로그인, A, R1/R4, P0","M: SSR 200, robots 허용, 목록 공개/신청 로그인, A, R1/R4, P0",P0,implemented_opt_in,modu_museum_national_museum_korea,Shared MODU adapter; facts-only public list and runtime robots check.,official_page_verified,2026-07-15,docs/research/public-institutions.md
public_institutions:002,public_institutions,2,국립경주박물관 · 경북 경주 · 박물관,https://modu.museum.go.kr/learn?museum=2&searchApplyStatus=ONGOING,,M · A · R1/R4 · P0,초등/가족/단체; 동일 필드,M · A · R1/R4 · P0,M · A · R1/R4 · P0,P0,implemented_opt_in,modu_museum_gyeongju,Shared MODU adapter; facts-only public list and runtime robots check.,official_page_verified,2026-07-15,docs/research/public-institutions.md
public_institutions:003,public_institutions,3,국립광주박물관 · 광주 · 박물관,https://modu.museum.go.kr/learn?museum=3&searchApplyStatus=ONGOING,,M · A · R1/R4 · P0,유아/초등/가족; 동일 필드,M · A · R1/R4 · P0,M · A · R1/R4 · P0,P0,implemented_opt_in,modu_museum_gwangju,Shared MODU adapter; facts-only public list and runtime robots check.,official_page_verified,2026-07-15,docs/research/public-institutions.md
public_institutions:004,public_institutions,4,국립전주박물관 · 전북 전주 · 박물관,https://modu.museum.go.kr/learn?museum=4&searchApplyStatus=ONGOING,,M · A · R1/R4 · P0,초등/가족/단체; 동일 필드,M · A · R1/R4 · P0,M · A · R1/R4 · P0,P0,implemented_opt_in,modu_museum_jeonju,Shared MODU adapter; facts-only public list and runtime robots check.,official_page_verified,2026-07-15,docs/research/public-institutions.md
public_institutions:005,public_institutions,5,국립대구박물관 · 대구 · 박물관,https://modu.museum.go.kr/learn?museum=5&searchApplyStatus=ONGOING,,M · A · R1/R4 · P0,유아/초등/가족; 동일 필드,M · A · R1/R4 · P0,M · A · R1/R4 · P0,P0,implemented_opt_in,modu_museum_daegu,Shared MODU adapter; facts-only public list and runtime robots check.,official_page_verified,2026-07-15,docs/research/public-institutions.md
public_institutions:006,public_institutions,6,국립부여박물관 · 충남 부여 · 박물관,https://modu.museum.go.kr/learn?museum=6&searchApplyStatus=ONGOING,,M · A · R1/R4 · P0,초등/가족/단체; 동일 필드,M · A · R1/R4 · P0,M · A · R1/R4 · P0,P0,implemented_opt_in,modu_museum_buyeo,Shared MODU adapter; facts-only public list and runtime robots check.,official_page_verified,2026-07-15,docs/research/public-institutions.md
public_institutions:007,public_institutions,7,국립공주박물관 · 충남 공주 · 박물관,https://modu.museum.go.kr/learn?museum=7&searchApplyStatus=ONGOING,,M · A · R1/R4 · P0,초등/가족/단체; 동일 필드,M · A · R1/R4 · P0,M · A · R1/R4 · P0,P0,implemented_opt_in,modu_museum_gongju,Shared MODU adapter; facts-only public list and runtime robots check.,official_page_verified,2026-07-15,docs/research/public-institutions.md
public_institutions:008,public_institutions,8,국립진주박물관 · 경남 진주 · 박물관,https://modu.museum.go.kr/learn?museum=8&searchApplyStatus=ONGOING,,M · A · R1/R4 · P0,유아/초등/가족; 동일 필드,M · A · R1/R4 · P0,M · A · R1/R4 · P0,P0,implemented_opt_in,modu_museum_jinju,Shared MODU adapter; facts-only public list and runtime robots check.,official_page_verified,2026-07-15,docs/research/public-institutions.md
public_institutions:009,public_institutions,9,국립청주박물관 · 충북 청주 · 박물관,https://modu.museum.go.kr/learn?museum=9&searchApplyStatus=ONGOING,,M · A · R1/R4 · P0,초등/가족/단체; 동일 필드,M · A · R1/R4 · P0,M · A · R1/R4 · P0,P0,implemented_opt_in,modu_museum_cheongju,Shared MODU adapter; facts-only public list and runtime robots check.,official_page_verified,2026-07-15,docs/research/public-institutions.md
public_institutions:010,public_institutions,10,국립김해박물관 · 경남 김해 · 박물관,https://modu.museum.go.kr/learn?museum=10&searchApplyStatus=ONGOING,,M · A · R1/R4 · P0,유아/초등/가족; 동일 필드,M · A · R1/R4 · P0,M · A · R1/R4 · P0,P0,implemented_opt_in,modu_museum_gimhae,Shared MODU adapter; facts-only public list and runtime robots check.,official_page_verified,2026-07-15,docs/research/public-institutions.md
public_institutions:011,public_institutions,11,국립제주박물관 · 제주 · 박물관,https://modu.museum.go.kr/learn?museum=11&searchApplyStatus=ONGOING,,M · A · R1/R4 · P0,초등/가족/단체; 동일 필드,M · A · R1/R4 · P0,M · A · R1/R4 · P0,P0,implemented_opt_in,modu_museum_jeju,Shared MODU adapter; facts-only public list and runtime robots check.,official_page_verified,2026-07-15,docs/research/public-institutions.md
public_institutions:012,public_institutions,12,국립춘천박물관 · 강원 춘천 · 박물관,https://modu.museum.go.kr/learn?museum=12&searchApplyStatus=ONGOING,,M · A · R1/R4 · P0,유아/초등/가족; 동일 필드,M · A · R1/R4 · P0,M · A · R1/R4 · P0,P0,implemented_opt_in,modu_museum_chuncheon,Shared MODU adapter; facts-only public list and runtime robots check.,official_page_verified,2026-07-15,docs/research/public-institutions.md
public_institutions:013,public_institutions,13,국립나주박물관 · 전남 나주 · 박물관,https://modu.museum.go.kr/learn?museum=13&searchApplyStatus=ONGOING,,M · A · R1/R4 · P0,초등/가족/단체; 동일 필드,M · A · R1/R4 · P0,M · A · R1/R4 · P0,P0,implemented_opt_in,modu_museum_naju,Shared MODU adapter; facts-only public list and runtime robots check.,official_page_verified,2026-07-15,docs/research/public-institutions.md
public_institutions:014,public_institutions,14,국립익산박물관 · 전북 익산 · 박물관,https://modu.museum.go.kr/learn?museum=14&searchApplyStatus=ONGOING,,M · A · R1/R4 · P0,초등/가족/단체; 동일 필드,M · A · R1/R4 · P0,M · A · R1/R4 · P0,P0,implemented_opt_in,modu_museum_iksan,Shared MODU adapter; facts-only public list and runtime robots check.,official_page_verified,2026-07-15,docs/research/public-institutions.md
public_institutions:015,public_institutions,15,지리산국립공원 · 전북/전남/경남,https://reservation.knps.or.kr/trprogram/searchTrailProgram.do?deptId=B01,,"P: GET+공개 POST 200, robots 미게시, 예약 별도, A, R1/R4, P0",어린이/가족/전연령; 프로그램·집결지·운영기간·상태·비용,"P: GET+공개 POST 200, robots 미게시, 예약 별도, A, R1/R4, P0","P: GET+공개 POST 200, robots 미게시, 예약 별도, A, R1/R4, P0",P0,implemented_opt_in,knps_jirisan_trail_programs,"Shared KNPS public-list adapter; no detail, login, queue, or reservation call.",official_page_verified,2026-07-15,docs/research/public-institutions.md
public_institutions:016,public_institutions,16,한려해상국립공원 · 경남/전남,https://reservation.knps.or.kr/trprogram/searchTrailProgram.do?deptId=B02,,P · A · R1/R4 · P0,어린이/가족; 동일 필드,P · A · R1/R4 · P0,P · A · R1/R4 · P0,P0,implemented_opt_in,knps_hallyeohaesang_trail_programs,"Shared KNPS public-list adapter; no detail, login, queue, or reservation call.",official_page_verified,2026-07-15,docs/research/public-institutions.md
public_institutions:017,public_institutions,17,설악산국립공원 · 강원,https://reservation.knps.or.kr/trprogram/searchTrailProgram.do?deptId=B03,,P · A · R1/R4 · P0,어린이/가족; 동일 필드,P · A · R1/R4 · P0,P · A · R1/R4 · P0,P0,implemented_opt_in,knps_seoraksan_trail_programs,"Shared KNPS public-list adapter; no detail, login, queue, or reservation call.",official_page_verified,2026-07-15,docs/research/public-institutions.md
public_institutions:018,public_institutions,18,내장산국립공원 · 전북/전남,https://reservation.knps.or.kr/trprogram/searchTrailProgram.do?deptId=B04,,P · A · R1/R4 · P0,어린이/가족; 동일 필드,P · A · R1/R4 · P0,P · A · R1/R4 · P0,P0,implemented_opt_in,knps_naejangsan_trail_programs,"Shared KNPS public-list adapter; no detail, login, queue, or reservation call.",official_page_verified,2026-07-15,docs/research/public-institutions.md
public_institutions:019,public_institutions,19,덕유산국립공원 · 전북/경남,https://reservation.knps.or.kr/trprogram/searchTrailProgram.do?deptId=B05,,P · A · R1/R4 · P0,어린이/가족; 동일 필드,P · A · R1/R4 · P0,P · A · R1/R4 · P0,P0,implemented_opt_in,knps_deogyusan_trail_programs,"Shared KNPS public-list adapter; no detail, login, queue, or reservation call.",official_page_verified,2026-07-15,docs/research/public-institutions.md
public_institutions:020,public_institutions,20,오대산국립공원 · 강원,https://reservation.knps.or.kr/trprogram/searchTrailProgram.do?deptId=B06,,P · A · R1/R4 · P0,어린이/가족; 동일 필드,P · A · R1/R4 · P0,P · A · R1/R4 · P0,P0,implemented_opt_in,knps_odaesan_trail_programs,"Shared KNPS public-list adapter; no detail, login, queue, or reservation call.",official_page_verified,2026-07-15,docs/research/public-institutions.md
public_institutions:021,public_institutions,21,주왕산국립공원 · 경북,https://reservation.knps.or.kr/trprogram/searchTrailProgram.do?deptId=B07,,P · A · R1/R4 · P0,어린이/가족; 동일 필드,P · A · R1/R4 · P0,P · A · R1/R4 · P0,P0,implemented_opt_in,knps_juwangsan_trail_programs,"Shared KNPS public-list adapter; no detail, login, queue, or reservation call.",official_page_verified,2026-07-15,docs/research/public-institutions.md
public_institutions:022,public_institutions,22,태안해안국립공원 · 충남,https://reservation.knps.or.kr/trprogram/searchTrailProgram.do?deptId=B08,,P · A · R1/R4 · P0,어린이/가족/해양생태; 동일 필드,P · A · R1/R4 · P0,P · A · R1/R4 · P0,P0,implemented_opt_in,knps_taeanhaean_trail_programs,"Shared KNPS public-list adapter; no detail, login, queue, or reservation call.",official_page_verified,2026-07-15,docs/research/public-institutions.md
public_institutions:023,public_institutions,23,다도해해상국립공원 · 전남,https://reservation.knps.or.kr/trprogram/searchTrailProgram.do?deptId=B09,,P · A · R1/R4 · P0,어린이/가족/해양생태; 동일 필드,P · A · R1/R4 · P0,P · A · R1/R4 · P0,P0,implemented_opt_in,knps_dadohaehaesang_trail_programs,"Shared KNPS public-list adapter; no detail, login, queue, or reservation call.",official_page_verified,2026-07-15,docs/research/public-institutions.md
public_institutions:024,public_institutions,24,치악산국립공원 · 강원,https://reservation.knps.or.kr/trprogram/searchTrailProgram.do?deptId=B10,,P · A · R1/R4 · P0,어린이/가족; 동일 필드,P · A · R1/R4 · P0,P · A · R1/R4 · P0,P0,implemented_opt_in,knps_chiaksan_trail_programs,"Shared KNPS public-list adapter; no detail, login, queue, or reservation call.",official_page_verified,2026-07-15,docs/research/public-institutions.md
public_institutions:025,public_institutions,25,월악산국립공원 · 충북/경북,https://reservation.knps.or.kr/trprogram/searchTrailProgram.do?deptId=B11,,P · A · R1/R4 · P0,어린이/가족; 동일 필드,P · A · R1/R4 · P0,P · A · R1/R4 · P0,P0,implemented_opt_in,knps_woraksan_trail_programs,"Shared KNPS public-list adapter; no detail, login, queue, or reservation call.",official_page_verified,2026-07-15,docs/research/public-institutions.md
public_institutions:026,public_institutions,26,소백산국립공원 · 충북/경북,https://reservation.knps.or.kr/trprogram/searchTrailProgram.do?deptId=B12,,P · A · R1/R4 · P0,어린이/가족; 동일 필드,P · A · R1/R4 · P0,P · A · R1/R4 · P0,P0,implemented_opt_in,knps_sobaeksan_trail_programs,"Shared KNPS public-list adapter; no detail, login, queue, or reservation call.",official_page_verified,2026-07-15,docs/research/public-institutions.md
public_institutions:027,public_institutions,27,가야산국립공원 · 경북/경남,https://reservation.knps.or.kr/trprogram/searchTrailProgram.do?deptId=B13,,P · A · R1/R4 · P0,어린이/가족; 동일 필드,P · A · R1/R4 · P0,P · A · R1/R4 · P0,P0,implemented_opt_in,knps_gayasan_trail_programs,"Shared KNPS public-list adapter; no detail, login, queue, or reservation call.",official_page_verified,2026-07-15,docs/research/public-institutions.md
public_institutions:028,public_institutions,28,북한산국립공원 · 서울/경기,https://reservation.knps.or.kr/trprogram/searchTrailProgram.do?deptId=B14,,P · A · R1/R4 · P0,어린이/가족; 동일 필드,P · A · R1/R4 · P0,P · A · R1/R4 · P0,P0,implemented_opt_in,knps_bukhansan_trail_programs,"Shared KNPS public-list adapter; no detail, login, queue, or reservation call.",official_page_verified,2026-07-15,docs/research/public-institutions.md
public_institutions:029,public_institutions,29,경주국립공원 · 경북 경주,https://reservation.knps.or.kr/trprogram/searchTrailProgram.do?deptId=B15,,P · A · R1/R4 · P0,어린이/가족/역사생태; 동일 필드,P · A · R1/R4 · P0,P · A · R1/R4 · P0,P0,implemented_opt_in,knps_gyeongju_trail_programs,"Shared KNPS public-list adapter; no detail, login, queue, or reservation call.",official_page_verified,2026-07-15,docs/research/public-institutions.md
public_institutions:030,public_institutions,30,계룡산국립공원 · 충남/대전,https://reservation.knps.or.kr/trprogram/searchTrailProgram.do?deptId=B16,,P · A · R1/R4 · P0,어린이/가족; 동일 필드,P · A · R1/R4 · P0,P · A · R1/R4 · P0,P0,implemented_opt_in,knps_gyeryongsan_trail_programs,"Shared KNPS public-list adapter; no detail, login, queue, or reservation call.",official_page_verified,2026-07-15,docs/research/public-institutions.md
public_institutions:031,public_institutions,31,무등산국립공원 · 광주/전남,https://reservation.knps.or.kr/trprogram/searchTrailProgram.do?deptId=B17,,P · A · R1/R4 · P0,어린이/가족; 동일 필드,P · A · R1/R4 · P0,P · A · R1/R4 · P0,P0,implemented_opt_in,knps_mudeungsan_trail_programs,"Shared KNPS public-list adapter; no detail, login, queue, or reservation call.",official_page_verified,2026-07-15,docs/research/public-institutions.md
public_institutions:032,public_institutions,32,변산반도국립공원 · 전북,https://reservation.knps.or.kr/trprogram/searchTrailProgram.do?deptId=B18,,P · A · R1/R4 · P0,어린이/가족/해안생태; 동일 필드,P · A · R1/R4 · P0,P · A · R1/R4 · P0,P0,implemented_opt_in,knps_byeonsanbando_trail_programs,"Shared KNPS public-list adapter; no detail, login, queue, or reservation call.",official_page_verified,2026-07-15,docs/research/public-institutions.md
public_institutions:033,public_institutions,33,속리산국립공원 · 충북/경북,https://reservation.knps.or.kr/trprogram/searchTrailProgram.do?deptId=B19,,P · A · R1/R4 · P0,어린이/가족; 동일 필드,P · A · R1/R4 · P0,P · A · R1/R4 · P0,P0,implemented_opt_in,knps_songnisan_trail_programs,"Shared KNPS public-list adapter; no detail, login, queue, or reservation call.",official_page_verified,2026-07-15,docs/research/public-institutions.md
public_institutions:034,public_institutions,34,월출산국립공원 · 전남,https://reservation.knps.or.kr/trprogram/searchTrailProgram.do?deptId=B20,,P · A · R1/R4 · P0,어린이/가족; 동일 필드,P · A · R1/R4 · P0,P · A · R1/R4 · P0,P0,implemented_opt_in,knps_wolchulsan_trail_programs,"Shared KNPS public-list adapter; no detail, login, queue, or reservation call.",official_page_verified,2026-07-15,docs/research/public-institutions.md
public_institutions:035,public_institutions,35,태백산국립공원 · 강원/경북,https://reservation.knps.or.kr/trprogram/searchTrailProgram.do?deptId=B22,,P · A · R1/R4 · P0,어린이/가족; 동일 필드,P · A · R1/R4 · P0,P · A · R1/R4 · P0,P0,implemented_opt_in,knps_taebaeksan_trail_programs,"Shared KNPS public-list adapter; no detail, login, queue, or reservation call.",official_page_verified,2026-07-15,docs/research/public-institutions.md
public_institutions:036,public_institutions,36,팔공산국립공원 · 대구/경북,https://reservation.knps.or.kr/trprogram/searchTrailProgram.do?deptId=B25,,P · A · R1/R4 · P0,어린이/가족; 동일 필드,P · A · R1/R4 · P0,P · A · R1/R4 · P0,P0,implemented_opt_in,knps_palgongsan_trail_programs,"Shared KNPS public-list adapter; no detail, login, queue, or reservation call.",official_page_verified,2026-07-15,docs/research/public-institutions.md
public_institutions:037,public_institutions,37,국립중앙청소년수련원 · 충남 천안,https://booking.kywa.or.kr/reservation/campReservationList.do?center=nyc,,"Y: 공개 JSON 200, robots 허용, 신청 로그인, A, R1/R4, P0; center_cd=2",초등/청소년/가족/학교; 프로그램·운영/접수일·대상·정원·상태·전화,"Y: 공개 JSON 200, robots 허용, 신청 로그인, A, R1/R4, P0; center_cd=2","Y: 공개 JSON 200, robots 허용, 신청 로그인, A, R1/R4, P0; center_cd=2",P0,implemented_opt_in,kywa_central_camp_programs,Whitelisted public camp-list facts; no application or payment endpoint.,official_page_verified,2026-07-15,docs/research/public-institutions.md
public_institutions:038,public_institutions,38,국립평창청소년수련원 · 강원 평창,https://booking.kywa.or.kr/reservation/campReservationList.do?center=pnyc,,Y · A · R1/R4 · P0; center_cd=3,동일,Y · A · R1/R4 · P0; center_cd=3,Y · A · R1/R4 · P0; center_cd=3,P0,implemented_opt_in,kywa_pyeongchang_camp_programs,Whitelisted public camp-list facts; no application or payment endpoint.,official_page_verified,2026-07-15,docs/research/public-institutions.md
public_institutions:039,public_institutions,39,국립청소년우주센터 · 전남 고흥,https://booking.kywa.or.kr/reservation/campReservationList.do?center=nysc,,Y · A · R1/R4 · P0; center_cd=4,초등/청소년/가족; 우주과학,Y · A · R1/R4 · P0; center_cd=4,Y · A · R1/R4 · P0; center_cd=4,P0,implemented_opt_in,kywa_space_camp_programs,Whitelisted public camp-list facts; no application or payment endpoint.,official_page_verified,2026-07-15,docs/research/public-institutions.md
public_institutions:040,public_institutions,40,국립청소년바이오생명센터 · 전북 김제,https://booking.kywa.or.kr/reservation/campReservationList.do?center=nyac,,Y · A · R1/R4 · P0; center_cd=6 (기관 사이트 별칭은 nybc),초등/청소년/가족; 생명과학,Y · A · R1/R4 · P0; center_cd=6 (기관 사이트 별칭은 nybc),Y · A · R1/R4 · P0; center_cd=6 (기관 사이트 별칭은 nybc),P0,implemented_opt_in,kywa_bio_camp_programs,Whitelisted public camp-list facts; no application or payment endpoint.,official_page_verified,2026-07-15,docs/research/public-institutions.md
public_institutions:041,public_institutions,41,국립청소년해양센터 · 경북 영덕,https://booking.kywa.or.kr/reservation/campReservationList.do?center=nyoc,,Y · A · R1/R4 · P0; center_cd=7,초등/청소년/가족; 해양,Y · A · R1/R4 · P0; center_cd=7,Y · A · R1/R4 · P0; center_cd=7,P0,implemented_opt_in,kywa_ocean_camp_programs,Whitelisted public camp-list facts; no application or payment endpoint.,official_page_verified,2026-07-15,docs/research/public-institutions.md
public_institutions:042,public_institutions,42,국립청소년미래환경센터 · 경북 봉화,https://booking.kywa.or.kr/reservation/campReservationList.do?center=nyfc,,Y · A · R1/R4 · P0; center_cd=8,초등/청소년/가족; 환경,Y · A · R1/R4 · P0; center_cd=8,Y · A · R1/R4 · P0; center_cd=8,P0,implemented_opt_in,kywa_future_environment_camp_programs,Whitelisted public camp-list facts; no application or payment endpoint.,official_page_verified,2026-07-15,docs/research/public-institutions.md
public_institutions:043,public_institutions,43,국립청소년생태센터 · 부산,https://booking.kywa.or.kr/reservation/campReservationList.do?center=nyec,,Y · A · R1/R4 · P0; center_cd=13,초등/청소년/가족; 생태,Y · A · R1/R4 · P0; center_cd=13,Y · A · R1/R4 · P0; center_cd=13,P0,implemented_opt_in,kywa_ecology_camp_programs,Whitelisted public camp-list facts; no application or payment endpoint.,official_page_verified,2026-07-15,docs/research/public-institutions.md
public_institutions:044,public_institutions,44,국립백두대간수목원 · 경북 봉화,https://reserve.koagi.or.kr/reserve/edc/prgrm/aply/BD_selectReserveEdcPrgrmList.do?q_siteSeq=2,,"A: SSR 200, 의미상 robots 404는 RFC 9309상 규칙 없음, 신청 로그인, 공개 목록 파서 실조회, R1/R4, P1",유아/초등/가족/단체; 접수·이용일·비용·대상·정원·상태,"A: SSR 200, 의미상 robots 404는 RFC 9309상 규칙 없음, 신청 로그인, 공개 목록 파서 실조회, R1/R4, P1","A: SSR 200, 의미상 robots 404는 RFC 9309상 규칙 없음, 신청 로그인, 공개 목록 파서 실조회, R1/R4, P1",P1,implemented_opt_in,koagi_baekdudaegan_education,Public list only; semantic robots 404 follows RFC 9309 no-rules handling.,official_page_verified,2026-07-15,docs/research/public-institutions.md
public_institutions:045,public_institutions,45,국립세종수목원 · 세종,https://reserve.koagi.or.kr/reserve/edc/prgrm/aply/BD_selectReserveEdcPrgrmList.do?q_siteSeq=3,,A · 공개 목록 파서 실조회 · R1/R4 · P1,동일,A · 공개 목록 파서 실조회 · R1/R4 · P1,A · 공개 목록 파서 실조회 · R1/R4 · P1,P1,implemented_opt_in,koagi_sejong_education,Public list only; semantic robots 404 follows RFC 9309 no-rules handling.,official_page_verified,2026-07-15,docs/research/public-institutions.md
public_institutions:046,public_institutions,46,국립한국자생식물원 · 강원 평창,https://reserve.koagi.or.kr/reserve/edc/prgrm/aply/BD_selectReserveEdcPrgrmList.do?q_siteSeq=4,,A · 공개 목록 파서 실조회 · R1/R4 · P1,동일,A · 공개 목록 파서 실조회 · R1/R4 · P1,A · 공개 목록 파서 실조회 · R1/R4 · P1,P1,implemented_opt_in,koagi_native_plants_education,Public list only; semantic robots 404 follows RFC 9309 no-rules handling.,official_page_verified,2026-07-15,docs/research/public-institutions.md
public_institutions:047,public_institutions,47,국립정원문화원 · 전남 담양,https://reserve.koagi.or.kr/reserve/edc/prgrm/aply/BD_selectReserveEdcPrgrmList.do?q_siteSeq=5,,A · 공개 목록 파서 · R1/R4 · P1; 신규 기관이라 빈 목록도 정상 상태로 취급,초등/가족/단체; 동일,A · 공개 목록 파서 · R1/R4 · P1; 신규 기관이라 빈 목록도 정상 상태로 취급,A · 공개 목록 파서 · R1/R4 · P1; 신규 기관이라 빈 목록도 정상 상태로 취급,P1,implemented_opt_in,koagi_garden_culture_education,Public list only; semantic robots 404 follows RFC 9309 no-rules handling.,official_page_verified,2026-07-15,docs/research/public-institutions.md
public_institutions:048,public_institutions,48,한국수목원정원관리원 통합검색 · 전국,https://reserve.koagi.or.kr/reserve/edc/prgrm/aply/BD_selectReserveEdcPrgrmList.do,,A · 기관별 피드의 중복 탐지용 상위 목록 · R1/R4 · P1,전 기관; 동일,A · 기관별 피드의 중복 탐지용 상위 목록 · R1/R4 · P1,A · 기관별 피드의 중복 탐지용 상위 목록 · R1/R4 · P1,P1,researched_not_implemented,,Verified candidate; requires a source-specific contract and policy approval.,official_page_verified,2026-07-15,docs/research/public-institutions.md
public_institutions:049,public_institutions,49,국립횡성숲체원 · 강원 횡성,https://www.sooperang.go.kr/rep/ari/selectPrgmRsrvtList.do?menuNo=1020000,,"F: 정상 검색 폼에서 FA00001 선택, SSR/AJAX 200, robots 허용, 예약 로그인/대기 가능, B, R1/R4, P1",유아/초등/가족/단체; 프로그램·날짜·인원·장소·가격,"F: 정상 검색 폼에서 FA00001 선택, SSR/AJAX 200, robots 허용, 예약 로그인/대기 가능, B, R1/R4, P1","F: 정상 검색 폼에서 FA00001 선택, SSR/AJAX 200, robots 허용, 예약 로그인/대기 가능, B, R1/R4, P1",P1,researched_not_implemented,,Verified candidate; requires a source-specific contract and policy approval.,official_page_verified,2026-07-15,docs/research/public-institutions.md
public_institutions:050,public_institutions,50,국립장성숲체원 · 전남 장성,https://www.sooperang.go.kr/rep/ari/selectPrgmRsrvtList.do?menuNo=1020000,,F · 기관 FA00002 · B · R1/R4 · P1,동일,F · 기관 FA00002 · B · R1/R4 · P1,F · 기관 FA00002 · B · R1/R4 · P1,P1,researched_not_implemented,,Verified candidate; requires a source-specific contract and policy approval.,official_page_verified,2026-07-15,docs/research/public-institutions.md
public_institutions:051,public_institutions,51,국립칠곡숲체원 · 경북 칠곡,https://www.sooperang.go.kr/rep/ari/selectPrgmRsrvtList.do?menuNo=1020000,,F · 기관 FA00003 · B · R1/R4 · P1,동일,F · 기관 FA00003 · B · R1/R4 · P1,F · 기관 FA00003 · B · R1/R4 · P1,P1,researched_not_implemented,,Verified candidate; requires a source-specific contract and policy approval.,official_page_verified,2026-07-15,docs/research/public-institutions.md
public_institutions:052,public_institutions,52,국립청도숲체원 · 경북 청도,https://www.sooperang.go.kr/rep/ari/selectPrgmRsrvtList.do?menuNo=1020000,,F · 기관 FA00004 · B · R1/R4 · P1,동일,F · 기관 FA00004 · B · R1/R4 · P1,F · 기관 FA00004 · B · R1/R4 · P1,P1,researched_not_implemented,,Verified candidate; requires a source-specific contract and policy approval.,official_page_verified,2026-07-15,docs/research/public-institutions.md
public_institutions:053,public_institutions,53,국립대전숲체원 · 대전,https://www.sooperang.go.kr/rep/ari/selectPrgmRsrvtList.do?menuNo=1020000,,F · 기관 FA00005 · B · R1/R4 · P1,동일,F · 기관 FA00005 · B · R1/R4 · P1,F · 기관 FA00005 · B · R1/R4 · P1,P1,researched_not_implemented,,Verified candidate; requires a source-specific contract and policy approval.,official_page_verified,2026-07-15,docs/research/public-institutions.md
public_institutions:054,public_institutions,54,국립춘천숲체원 · 강원 춘천,https://www.sooperang.go.kr/rep/ari/selectPrgmRsrvtList.do?menuNo=1020000,,F · 기관 FA00006 · B · R1/R4 · P1,동일,F · 기관 FA00006 · B · R1/R4 · P1,F · 기관 FA00006 · B · R1/R4 · P1,P1,researched_not_implemented,,Verified candidate; requires a source-specific contract and policy approval.,official_page_verified,2026-07-15,docs/research/public-institutions.md
public_institutions:055,public_institutions,55,국립나주숲체원 · 전남 나주,https://www.sooperang.go.kr/rep/ari/selectPrgmRsrvtList.do?menuNo=1020000,,F · 기관 FA00007 · B · R1/R4 · P1,동일,F · 기관 FA00007 · B · R1/R4 · P1,F · 기관 FA00007 · B · R1/R4 · P1,P1,researched_not_implemented,,Verified candidate; requires a source-specific contract and policy approval.,official_page_verified,2026-07-15,docs/research/public-institutions.md
public_institutions:056,public_institutions,56,국립기상박물관 · 서울,https://science.kma.go.kr/museum/education/education,,"K: SSR 200, 공개 목록, 일부 네이버예약, B, R1/R4, P1",유아/초등/가족; 기간·장소·대상·인원·비용·문의,"K: SSR 200, 공개 목록, 일부 네이버예약, B, R1/R4, P1","K: SSR 200, 공개 목록, 일부 네이버예약, B, R1/R4, P1",P1,researched_not_implemented,,Verified candidate; requires a source-specific contract and policy approval.,official_page_verified,2026-07-15,docs/research/public-institutions.md
public_institutions:057,public_institutions,57,국립대구기상과학관 · 대구,https://science.kma.go.kr/daegu/board/education,,K · B · R1/R4 · P1,유아/초등/가족/단체; 일정·대상·신청링크,K · B · R1/R4 · P1,K · B · R1/R4 · P1,P1,researched_not_implemented,,Verified candidate; requires a source-specific contract and policy approval.,official_page_verified,2026-07-15,docs/research/public-institutions.md
public_institutions:058,public_institutions,58,국립전북기상과학관 · 전북 정읍,https://science.kma.go.kr/jbsci/education/program,,K · B · R1/R4 · P1,유아/초등/가족/단체; 일정·대상·장소·정원,K · B · R1/R4 · P1,K · B · R1/R4 · P1,P1,researched_not_implemented,,Verified candidate; requires a source-specific contract and policy approval.,official_page_verified,2026-07-15,docs/research/public-institutions.md
public_institutions:059,public_institutions,59,국립밀양기상과학관 · 경남 밀양,https://science.kma.go.kr/miryang/program/cont1,,K · B · R1/R4 · P1,유아/초등/가족; 일정·대상·신청,K · B · R1/R4 · P1,K · B · R1/R4 · P1,P1,researched_not_implemented,,Verified candidate; requires a source-specific contract and policy approval.,official_page_verified,2026-07-15,docs/research/public-institutions.md
public_institutions:060,public_institutions,60,국립충주기상과학관 · 충북 충주,https://science.kma.go.kr/chungju/program/cont1,,K · B · R1/R4 · P1,유아/초등/가족; 일정·대상·신청,K · B · R1/R4 · P1,K · B · R1/R4 · P1,P1,researched_not_implemented,,Verified candidate; requires a source-specific contract and policy approval.,official_page_verified,2026-07-15,docs/research/public-institutions.md
public_institutions:061,public_institutions,61,국립충남기상과학관 · 충남 홍성,https://science.kma.go.kr/chungnam/html/education_01.php,,K · B · R1/R4 · P1,유아/초등/가족; 일정·대상·신청,K · B · R1/R4 · P1,K · B · R1/R4 · P1,P1,researched_not_implemented,,Verified candidate; requires a source-specific contract and policy approval.,official_page_verified,2026-07-15,docs/research/public-institutions.md
public_institutions:062,public_institutions,62,국립여수해양기상과학관 · 전남 여수,https://science.kma.go.kr/yeosu/education/program,,K · B · R1/R4 · P1,"유아/초등/가족; 해양기상, 일정·대상·신청",K · B · R1/R4 · P1,K · B · R1/R4 · P1,P1,researched_not_implemented,,Verified candidate; requires a source-specific contract and policy approval.,official_page_verified,2026-07-15,docs/research/public-institutions.md
public_institutions:063,public_institutions,63,국립생태원 · 충남 서천 · 생태,https://www.nie.re.kr/nieResve/pgm/eclgyEdc/list2.do?menuNo=600010,https://www.nie.re.kr/nieResve/pgm/eclgyIntrprt/list.do?menuNo=600008,"200 SSR. robots는 봇별 상이하며 Googlebot / 차단 규칙이 있어 R3로 보수 운영. 목록 공개, 예약/결제 별도","유아/초등/가족/단체; 교육·접수기간, 시간, 대상, 인원, 유/무료, 장소, 상태","B, R1/R3/R4, P1(서면 협의 전 낮은 빈도)","B, R1/R3/R4, P1(서면 협의 전 낮은 빈도)",P1,researched_not_implemented,,Verified candidate; requires a source-specific contract and policy approval.,official_page_verified,2026-07-15,docs/research/public-institutions.md
public_institutions:064,public_institutions,64,국립생물자원관 · 인천 · 생물,https://www.nibr.go.kr/cmn/wvtex/booking/programList.do,https://www.nibr.go.kr/cmn/wvtex/booking/programCalendar.do?progrmSeCode=PSCD01,"200 SSR. robots 404(미게시). 목록·달력 공개, 신청 인증 별도, WAF 없음","어린이/청소년/가족/단체; 유형·대상·달력·회차·상태, 상세의 비용/정원","B, R1/R4, P1","B, R1/R4, P1",P1,implemented_official_dataset,odcloud_nibr_education,Uses the institution's official public-data dataset instead of HTML.,official_page_verified,2026-07-15,docs/research/public-institutions.md
public_institutions:065,public_institutions,65,국립낙동강생물자원관 · 경북 상주 · 생물,https://www.nnibr.re.kr/resve/index.do?menu_id=00000440,,"200 SSR(검증 시 정상). robots 404. 목록 공개, 본인확인/예약 별도; 과거 WAF 응답 이력이 있어 백오프 필요",유아/초등/가족/단체; 상태·대상·접수/교육기간·시간·방법·가격·달력,"B/C, R1/R4, P1","B/C, R1/R4, P1",P1,implemented_official_dataset,odcloud_nakdong_bioresource_education,Uses the institution's official public-data dataset instead of HTML.,official_page_verified,2026-07-15,docs/research/public-institutions.md
public_institutions:066,public_institutions,66,국립호남권생물자원관 · 전남 목포 · 생물,https://resve.hnibr.re.kr/index.do?menu_id=00000440,https://www.data.go.kr/data/15118328/fileData.do?recommendDataYn=Y,"목록 200 SSR. robots 200, 검색류만 차단. 공개 파일 데이터 존재, 예약 별도","유아/초등/가족/단체; 장소·프로그램·운영 시작/종료일 등, 상세의 대상·비용·정원","A, R2(데이터셋 이용조건 확인)+R4, P0","A, R2(데이터셋 이용조건 확인)+R4, P0",P0,researched_not_implemented,,Verified candidate; requires a source-specific contract and policy approval.,official_page_verified,2026-07-15,docs/research/public-institutions.md
public_institutions:067,public_institutions,67,국립중앙과학관 · 대전,https://rsvn.science.go.kr/nsm/edcarsvn/edcarsvnList,,"200 SSR + 공개 edcarsvnListAjax. robots 404. 목록 공개, 신청 별도",초등/가족/단체; 상태·접수/교육일·대상·정원·장소·비용,"A, R1/R4, P0","A, R1/R4, P0",P0,researched_not_implemented,,Verified candidate; requires a source-specific contract and policy approval.,official_page_verified,2026-07-15,docs/research/public-institutions.md
public_institutions:068,public_institutions,68,국립과천과학관 · 경기 과천,https://www.sciencecenter.go.kr/edu/user/edu/eduList.do,,200. robots 404. 목록 공개지만 예약·결제는 자녀 계정 로그인; 일부 내부 JSON은 NetFunnel/검증 의존,"유아/초등/중고등/가족; 접수·교육기간, 대상학년, 비용, 정원, 상태","B/C, R1/R4, P1; SSR만 수집하고 NetFunnel 우회 금지","B/C, R1/R4, P1; SSR만 수집하고 NetFunnel 우회 금지",P1,researched_not_implemented,,Verified candidate; requires a source-specific contract and policy approval.,official_page_verified,2026-07-15,docs/research/public-institutions.md
public_institutions:069,public_institutions,69,국립광주과학관 · 광주,https://www.sciencecenter.or.kr/kor/edu/index.do?menuId=285_317,,"200 SSR. robots Allow:/. 목록 공개, 신청 로그인/결제 별도",유아/초등/가족/단체; 교육/접수기간·대상·비용·정원·상태,"B, R1/R4, P1","B, R1/R4, P1",P1,researched_not_implemented,,Verified candidate; requires a source-specific contract and policy approval.,official_page_verified,2026-07-15,docs/research/public-institutions.md
public_institutions:070,public_institutions,70,국립대구과학관 · 대구,https://www.dnsm.or.kr/reservation/list.do?searchMenuId=10000000760,,HTTP 200이나 자동 요청에 브라우저 지문 검사 스크립트만 주는 경우가 있음. robots 200 규칙 없음. 신청 별도,유아/초등/가족/단체; 일정·대상·정원·비용·상태,"C, R3/R4, P2; 공식 허용/API 문의 전 자동화 보류","C, R3/R4, P2; 공식 허용/API 문의 전 자동화 보류",P2,researched_not_implemented,,Verified candidate; requires a source-specific contract and policy approval.,official_page_verified,2026-07-15,docs/research/public-institutions.md
public_institutions:071,public_institutions,71,국립부산과학관 · 부산,https://www.sciport.or.kr/kor/CMS/IndivCurriMgr/curriList.do?mCode=MN038,,"200 SSR. robots Disallow:/ 후 /kor/ 허용. 공개 교육 목록, 신청 별도; 간헐적 보안 차단 고려",유아/초등/가족/단체; 일정·대상·가격·회차·상태,"B/C, R1/R3/R4, P1; /kor/ 허용 범위만","B/C, R1/R3/R4, P1; /kor/ 허용 범위만",P1,researched_not_implemented,,Verified candidate; requires a source-specific contract and policy approval.,official_page_verified,2026-07-15,docs/research/public-institutions.md
public_institutions:072,public_institutions,72,국립민속박물관 어린이박물관 · 서울,https://www.nfm.go.kr/kids/cop/bbs/selectBoardList.do?bbsId=BBSMSTR_000000000085,,200 SSR. robots는 검색 경로만 제한. 목록 공개; 일부 신청 네이버폼/별도 시스템,"유아/초등/가족/단체; 제목·접수/교육일·대상·상태, 상세의 장소·비용","B, R1/R4, P1","B, R1/R4, P1",P1,researched_not_implemented,,Verified candidate; requires a source-specific contract and policy approval.,official_page_verified,2026-07-15,docs/research/public-institutions.md
public_institutions:073,public_institutions,73,대한민국역사박물관 · 서울,https://www.much.go.kr/MUCH/contents/M03010100000.do,,"200 SSR. robots 해당 교육 경로 허용. 목록 공개, 신청 별도",초등/가족/단체; 일정·신청기간·대상·정원·장소·비용,"B, R1/R4, P1","B, R1/R4, P1",P1,researched_not_implemented,,Verified candidate; requires a source-specific contract and policy approval.,official_page_verified,2026-07-15,docs/research/public-institutions.md
public_institutions:074,public_institutions,74,국립고궁박물관 · 서울,https://online.gogung.go.kr/gogung/main/main.do,,"200 SSR. robots는 /cms/, /upload/ 위주 제한. 목록 공개, 신청 별도",유아/초등/가족/단체; 상태·교육/접수일·대상·정원·장소,"B, R1/R4, P1","B, R1/R4, P1",P1,researched_not_implemented,,Verified candidate; requires a source-specific contract and policy approval.,official_page_verified,2026-07-15,docs/research/public-institutions.md
public_institutions:075,public_institutions,75,국립농업박물관 · 경기 수원,https://www.namuk.or.kr/kr/204/subview.do,,"200 SSR. robots Allow:/. 프로그램 공개, 신청 별도",유아/초등/가족/단체; 프로그램·일정·대상·정원·비용/무료·방법,"B, R1/R4, P1","B, R1/R4, P1",P1,researched_not_implemented,,Verified candidate; requires a source-specific contract and policy approval.,official_page_verified,2026-07-15,docs/research/public-institutions.md
public_institutions:076,public_institutions,76,국립해양박물관 · 부산,https://www.mmk.or.kr/?folder=education&page=list&type=E&status=present,,"200 SSR. robots 교육 경로 허용. 목록 공개, 예약은 로그인","초등가족 프로그램 다수; 제목·교육기간·상태, 상세의 대상·접수·정원·비용","A/B, R1/R4, P1","A/B, R1/R4, P1",P1,researched_not_implemented,,Verified candidate; requires a source-specific contract and policy approval.,official_page_verified,2026-07-15,docs/research/public-institutions.md
public_institutions:077,public_institutions,77,국립인천해양박물관 · 인천,https://www.inmm.or.kr/ko/place/education/list.do?menuSeq=3579,,"200 SSR. robots 404. 목록 공개, 신청 별도",유아/초등/가족/단체; 상태·교육/접수일·대상·정원·비용·장소,"B, R1/R4, P1","B, R1/R4, P1",P1,researched_not_implemented,,Verified candidate; requires a source-specific contract and policy approval.,official_page_verified,2026-07-15,docs/research/public-institutions.md
public_institutions:078,public_institutions,78,국립해양생물자원관(MABIK) · 충남 서천,https://www.mabik.re.kr/bbs/BBSMSTR_000000000331/list.do,,200 SSR. robots는 Googlebot에 /bbs/ 차단 규칙이 있어 보수적 취급. 신청은 네이버 등 외부일 수 있음,유아/초등/가족/단체; 공고일·교육일·대상·비용·신청방법,"B/C, R3/R4, P2(협의 전 수동 링크)","B/C, R3/R4, P2(협의 전 수동 링크)",P2,implemented_official_dataset,odcloud_mabik_education,Uses the institution's official public-data dataset instead of HTML.,official_page_verified,2026-07-15,docs/research/public-institutions.md
public_institutions:079,public_institutions,79,국립울진해양과학관 · 경북 울진,https://kosm.or.kr/kosm/bbs/board.do?bbsId=BSD0008,,200 SSR. robots 404(미게시). 목록 공개; 현장/전화/구글폼/공문 등 프로그램별,유아/어린이(8~13)/청소년/가족; 상태·교육/접수기간·시간·장소·정원·대상·비용·문의,"A/B, R1/R4, P1","A/B, R1/R4, P1",P1,researched_not_implemented,,Verified candidate; requires a source-specific contract and policy approval.,official_page_verified,2026-07-15,docs/research/public-institutions.md
public_institutions:080,public_institutions,80,국립수목원 · 경기 포천,https://www.kna.go.kr/knaf/user/resve/selectResveCldr.do,,"200 SSR. robots 404. 공개 프로그램/달력, 신청 별도",유아/초등/가족/단체; 프로그램·일정·대상·정원·비용·상태,"B, R1/R4, P1","B, R1/R4, P1",P1,researched_not_implemented,,Verified candidate; requires a source-specific contract and policy approval.,official_page_verified,2026-07-15,docs/research/public-institutions.md
public_institutions:081,public_institutions,81,국립어린이청소년도서관 · 서울,https://www.nlcy.go.kr/NLCY/contents/C20100000000.do,,"200 SSR. robots 404. 목록 공개, 신청 별도",유아/초등/청소년/가족; 상태·대상·접수기간·일시·장소·신청/정원,"A, R1/R4, P0/P1","A, R1/R4, P0/P1",P1,researched_not_implemented,,Verified candidate; requires a source-specific contract and policy approval.,official_page_verified,2026-07-15,docs/research/public-institutions.md
public_institutions:082,public_institutions,82,서울특별시교육청 어린이도서관 · 서울,https://childlib.sen.go.kr/childlib/module/teach/index.do?menu_idx=15&searchCate1=16,,200 SSR. robots User-agent:* Disallow:/이므로 자동수집 금지. 에버러닝/로그인 신청,유아/초등/학부모; 강좌·기간·대상·정원·접수상태·비용,"C, R3/R4, P2; 수동 큐레이션/기관 협의","C, R3/R4, P2; 수동 큐레이션/기관 협의",P2,researched_not_implemented,,Verified candidate; requires a source-specific contract and policy approval.,official_page_verified,2026-07-15,docs/research/public-institutions.md
public_institutions:083,public_institutions,83,국립세종도서관 · 세종,https://sejong.nl.go.kr/html/c3/c320.jsp?codeId=PRO011&menuId=O362&upperMenuId=O300,,"200 SSR. robots는 /search/만 제한. 목록 공개, 신청 로그인 가능",어린이/가족/전연령; 제목·기간·접수·대상·정원·장소·비용,"B, R1/R4, P1","B, R1/R4, P1",P1,researched_not_implemented,,Verified candidate; requires a source-specific contract and policy approval.,official_page_verified,2026-07-15,docs/research/public-institutions.md
public_institutions:084,public_institutions,84,부산광역시립시민도서관 · 부산,https://home.pen.go.kr/yeyak/edu/lib/selectEduList.do?srchRsSysId=siminlib&mi=14554,,"200 SSR. robots 200 공용 규칙. 목록 공개, 신청 통합예약/로그인",어린이/가족; 강좌·행사일·대상·정원·비용·신청기간,"B, R1/R4, P1","B, R1/R4, P1",P1,researched_not_implemented,,Verified candidate; requires a source-specific contract and policy approval.,official_page_verified,2026-07-15,docs/research/public-institutions.md
public_institutions:085,public_institutions,85,서울특별시농업기술센터 · 서울,https://agro.seoul.go.kr/archives/category/education,,robots Allow:/(파일/검색 제외). 현재 HTTPS 요청은 ?refresh로 302되는 경우가 있어 최종 응답 모니터링. 이메일/서울시예약 신청 혼재,"초등/가족/시민; 교육·모집기간, 방식, 대상, 비용, 장소, 연락처","B/C, R1/R4, P2","B/C, R1/R4, P2",P2,researched_not_implemented,,Verified candidate; requires a source-specific contract and policy approval.,official_page_verified,2026-07-15,docs/research/public-institutions.md
public_institutions:086,public_institutions,86,인천광역시농업기술센터 · 인천,https://www.incheon.go.kr/agro/AGRO030301,,200 SSR. robots 404. 목록 공개; 인천 통합예약 로그인 신청,어린이/가족/시민; 모집/교육일·대상·인원·비용·장소·방법,"B, R1/R4, P1","B, R1/R4, P1",P1,researched_not_implemented,,Verified candidate; requires a source-specific contract and policy approval.,official_page_verified,2026-07-15,docs/research/public-institutions.md
public_institutions:087,public_institutions,87,울산광역시농업기술센터 · 울산,https://www.ulsan.go.kr/s/atc/education/1058.ulsan?mId=001006003000000000,,"200 SSR. robots 해당 경로 허용. 목록 공개, 온라인 신청 별도",어린이/가족/시민; 대상·정원·장소·교육/접수일·비용·상태,"B, R1/R4, P1","B, R1/R4, P1",P1,researched_not_implemented,,Verified candidate; requires a source-specific contract and policy approval.,official_page_verified,2026-07-15,docs/research/public-institutions.md
public_institutions:088,public_institutions,88,청주시농업기술센터 · 충북 청주,https://www.cheongju.go.kr/nongup/selectBbsNttList.do?bbsNo=510&integrDeptCode=000100154&key=17211,,200 SSR. robots Allow:/. 목록 공개; 첨부 신청서/전화/온라인 혼재,어린이/가족/시민; 공고일·운영일·대상·비용·장소·신청방법,"B, R1/R4, P1","B, R1/R4, P1",P1,researched_not_implemented,,Verified candidate; requires a source-specific contract and policy approval.,official_page_verified,2026-07-15,docs/research/public-institutions.md
public_institutions:089,public_institutions,89,서귀포농업기술센터 · 제주,https://agri.jeju.go.kr/seogwipo/notice/notice.htm,,200 SSR. robots에 /*/notice/ 차단 규칙이 있어 자동수집 금지. 신청 온라인/전화 혼재,어린이/가족/시민; 모집/교육일·대상·정원·비용·장소,"C, R3/R4, P2; 기관 협의/공식 API 우선","C, R3/R4, P2; 기관 협의/공식 API 우선",P2,researched_not_implemented,,Verified candidate; requires a source-specific contract and policy approval.,official_page_verified,2026-07-15,docs/research/public-institutions.md
public_institutions:090,public_institutions,90,수원시농업기술센터 · 경기 수원,https://www.suwon.go.kr/web/board/BD_board.list.do?bbsCd=1266,,"200 SSR. robots는 민원·검색 등만 제한. 목록 공개, 신청 경로 프로그램별",어린이/가족/시민; 제목·모집/교육일·대상·정원·비용·장소,"B, R1/R4, P1","B, R1/R4, P1",P1,researched_not_implemented,,Verified candidate; requires a source-specific contract and policy approval.,official_page_verified,2026-07-15,docs/research/public-institutions.md
private_brands:001,private_brands,1,삼성전자 · 수원 · Samsung Innovation Museum 어린이 교육,https://samsunginnovationmuseum.com/ko/reserve/edu/academyList.do,,JSON 공개: selectShowList.json; 교육/신청 기간·대상·상태·잔여,"공식 관람/교육 안내상 무료, 어린이·가족",robots R-N/T-0; 예약만 로그인. 응답의 IP·세션·사용자 필드는 반드시 폐기,allowlist · P0,P0,implemented_opt_in,samsung_innovation_education,Public facts-only JSON; disabled by default.,official_page_verified,2026-07-15,docs/research/private-brands.md
private_brands:002,private_brands,2,현대자동차 · 고양 · 키즈 워크숍,https://motorstudio.hyundai.com/goyang/cotn/exp/kidsWorkShop.do?strgCd=01,,HTML 공개: 반복 프로그램 카드와 예약 코드,"공식 카드 기준 6~13세, 8천~3.3만원","robots R-A/T-0; 공개 GET만, 예약 함수 미호출",allowlist · P0,P0,implemented_opt_in,hyundai_motorstudio_goyang_kids,Public program cards only; disabled by default.,official_page_verified,2026-07-15,docs/research/private-brands.md
private_brands:003,private_brands,3,현대자동차 · 서울 · Motorstudio Seoul,https://motorstudio.hyundai.com/seoul/ln/main.do?strgCd=02,,static HTML; 현재 어린이 반복 모집 목록은 별도 확인 필요,"전시/브랜드 체험, 회차별 대상·비용 확인",robots R-X/T-0; /ln/ 차단이므로 자동수집 금지,deny · P3,P3,policy_or_access_blocked,,"No automated collector until an official API, permission, or partnership exists.",official_page_verified,2026-07-15,docs/research/private-brands.md
private_brands:004,private_brands,4,현대자동차 · 부산 · Motorstudio Busan,https://motorstudio.hyundai.com/busan/ln/main.do?strgCd=05,,static HTML; 전시/행사 소개 중심,가족 관람 가능 여부·비용은 행사별 확인,robots R-X/T-0; /ln/ 차단,deny · P3,P3,policy_or_access_blocked,,"No automated collector until an official API, permission, or partnership exists.",official_page_verified,2026-07-15,docs/research/private-brands.md
private_brands:005,private_brands,5,기아 · 서울 · Kia360 체험,https://www.kia.com/kr/experience/flagship/kia360/experience,,"static/HTML; 상설 전시와 예약 안내, 반복 어린이 목록 없음",전 연령 브랜드 체험; 비용은 개별 페이지 확인,"robots R-A/T-0; 마이페이지 차단, 예약 흐름 제외",metadata-only · P2,P2,researched_not_implemented,,Verified candidate; requires a source-specific contract and policy approval.,official_page_verified,2026-07-15,docs/research/private-brands.md
private_brands:006,private_brands,6,BMW · 인천 영종 · Junior Campus,https://driving-center.bmw.co.kr/useAmount/view,,HTML 요금/프로그램 표; 일정은 예약 시스템,"초등 대상, 공식 요금표 1만·1.2만·1.6만원",robots R-N/T-1; BMW OneID 로그인 이후는 수집 금지,metadata-only · P1,P1,researched_not_implemented,,Verified candidate; requires a source-specific contract and policy approval.,official_page_verified,2026-07-15,docs/research/private-brands.md
private_brands:007,private_brands,7,롯데웰푸드 · 서울 마곡 · SweetPark 개인 예약 달력,https://sweetpark.lotternd.com/kor/schedule/sweet__schedule.html,,HTML 공개 월간 캘린더·회차·잔여/마감,공식 안내상 무료; 2026년 기준 출생연도 2017~2021,robots R-N/T-0; 달력 GET까지만,allowlist · P1,P1,researched_not_implemented,,Verified candidate; requires a source-specific contract and policy approval.,official_page_verified,2026-07-15,docs/research/private-brands.md
private_brands:008,private_brands,8,풀무원 · 서울 인사동 · 뮤지엄김치간 어린이김치학교,https://kimchikan.com/rsv/info,,JSON 공개 프로그램·달력·회차·잔여,"6~13세 프로그램, 어린이 무료·보호자 5천원","robots R-A/T-0; /admin/ 차단, 예약 개인정보 입력 제외",allowlist · P0,P0,implemented_opt_in,museum_kimchikan_children,Public program and calendar JSON only; disabled by default.,official_page_verified,2026-07-15,docs/research/private-brands.md
private_brands:009,private_brands,9,하림산업 · 전북 익산 · First Kitchen Tour,https://www.harim-foods.com/theme/s007/index/tour.php,,공식 투어 소개/신청 페이지는 존재하나 검증 환경에서 403,인원·대상·비용은 공식 신청 화면에서 확인,robots R-W/T-1; WAF 우회 금지,partnership · P2,P2,policy_or_access_blocked,,"No automated collector until an official API, permission, or partnership exists.",official_page_verified,2026-07-15,docs/research/private-brands.md
private_brands:010,private_brands,10,서울우유 · 경기 양주 · 공장견학,https://tour.seoulmilk.co.kr/tour/visit_01.php?int_place=1,,"HTML 견학안내·신청, 장소 파라미터 int_place=1",단체 중심; 공식 페이지에서 정원/운영일 확인,robots R-N/T-1; 신청/개인정보 제외,metadata-only · P2,P2,researched_not_implemented,,Verified candidate; requires a source-specific contract and policy approval.,official_page_verified,2026-07-15,docs/research/private-brands.md
private_brands:011,private_brands,11,서울우유 · 경남 거창 · 공장견학,https://tour.seoulmilk.co.kr/tour/visit_01.php?int_place=2,,HTML; 거창군 산업관광 연계 안내,단체 중심; 비용·대상은 공식 연계 페이지 확인,robots R-N/T-1; 신청 흐름 제외,metadata-only · P2,P2,researched_not_implemented,,Verified candidate; requires a source-specific contract and policy approval.,official_page_verified,2026-07-15,docs/research/private-brands.md
private_brands:012,private_brands,12,오뚜기 · 충북 음성 · 대풍공장 견학,https://www.otoki.com/brand/factory-tour,,HTML 공개; 검증일 현재 “마감” 표시,모집 때 대상/비용 재확인,robots R-N/T-0; 마감 상태 감시만,metadata-only · P2,P2,researched_not_implemented,,Verified candidate; requires a source-specific contract and policy approval.,official_page_verified,2026-07-15,docs/research/private-brands.md
private_brands:013,private_brands,13,POSCO · 경북 포항 · Park1538 공식 안내,https://www.posco.com/homepage/docs/kor7/jsp/common/posco/s91a1000011c.jsp,,POSCO 공식 안내는 공개; 전용 예약 도메인은 검증 환경 연결 실패,전 연령 문화·철 체험; 예약 조건 확인,robots R-W/T-1; 전용 사이트 우회 금지,partnership · P2,P2,policy_or_access_blocked,,"No automated collector until an official API, permission, or partnership exists.",official_page_verified,2026-07-15,docs/research/private-brands.md
private_brands:014,private_brands,14,POSCO · 전남 광양 · Park1538 Gwangyang 공식 소개,https://newsroom.posco.com/en/gwangyang-once-the-city-of-steel-reborn-as-a-premium-cultural-city-with-the-opening-of-park1538-gwangyang/,,공식 기업 뉴스/시설 소개; 반복 모집 피드는 미확인,"가족/일반 관람, 세부 예약 조건 확인",전용 robots R-W/T-1,partnership · P2,P2,policy_or_access_blocked,,"No automated collector until an official API, permission, or partnership exists.",official_page_verified,2026-07-15,docs/research/private-brands.md
private_brands:015,private_brands,15,LG · 서울 마곡 · LG Discovery Lab 프로그램,https://www.lgdlab.or.kr/program-all,,"SPA/HTML 공개 목록, 장소·학년 필터","공식 안내상 무료; 다수 과정은 중학생 이상, 초6 과정만 선별",robots R-A/T-0; 지원/예약 계정 제외,metadata-only · P2,P2,researched_not_implemented,,Verified candidate; requires a source-specific contract and policy approval.,official_page_verified,2026-07-15,docs/research/private-brands.md
private_brands:016,private_brands,16,LG · 부산 · LG Discovery Lab 프로그램,https://www.lgdlab.or.kr/program-all,,같은 목록에서 부산 장소 필터,공식 안내상 무료; 학년 조건 엄격,robots R-A/T-0; 서울과 공통 어댑터,metadata-only · P2,P2,researched_not_implemented,,Verified candidate; requires a source-specific contract and policy approval.,official_page_verified,2026-07-15,docs/research/private-brands.md
private_brands:017,private_brands,17,넥슨 · 제주 · Nexon Computer Museum 프로그램,https://www.nexonmuseum.org/ko/program,,React/SPA 공개 목록; 공식 프로그램/공지,현재 공개 프로그램은 단체 도슨트 비중이 큼; 비용은 상세 확인,"robots R-A/T-0; 번들 내 헤더/키 노출 금지, 브라우저 렌더링 우선",metadata-only · P2,P2,researched_not_implemented,,Verified candidate; requires a source-specific contract and policy approval.,official_page_verified,2026-07-15,docs/research/private-brands.md
private_brands:018,private_brands,18,넷마블 · 서울 구로 · Netmarble Game Museum 공식 소식,https://ch.netmarble.com/ESG/Detail?bbs_code=1010&post_seq=6687,,공식 뉴스 HTML; 독립 반복 모집 목록은 미확인,"가족 관람/기획전, 비용·예약은 박물관 공식 안내 확인","robots R-A/T-0; 기사 감시만, 전시 DB 복제 금지",metadata-only · P2,P2,researched_not_implemented,,Verified candidate; requires a source-specific contract and policy approval.,official_page_verified,2026-07-15,docs/research/private-brands.md
private_brands:019,private_brands,19,우리금융 · 서울 · 우리은행 은행사박물관,https://www.woorimuseum.com/wbm/main.do,,레거시 .do HTML; 어린이 금융교육/공지 여부 감시,공식 사회공헌 안내의 무료 금융교육 후보; 부모 직접 신청 여부 재확인,robots R-N/T-0,metadata-only · P2,P2,researched_not_implemented,,Verified candidate; requires a source-specific contract and policy approval.,official_page_verified,2026-07-15,docs/research/private-brands.md
private_brands:020,private_brands,20,신한금융 · 서울 · 한국금융사박물관/교육 공식 소개,https://www.shinhangroup.com/kr/archive/business/detail/352,,기업 아카이브 HTML; 별도 회차 목록 미확인,"공식 소개상 무료·전 연령, 어린이 프로그램 포함",robots R-A/T-P; 자동수집보다 공식 교육 일정 피드 문의 우선,partnership · P2,P2,policy_or_access_blocked,,"No automated collector until an official API, permission, or partnership exists.",official_page_verified,2026-07-15,docs/research/private-brands.md
private_brands:021,private_brands,21,오설록 · 제주 · Tea Museum·체험 프로그램,https://www.osulloc.com/kr/ko/store-introduction/jeju-map,,상설시설 HTML과 외부 예약 링크; 반복 공개 목록은 미확인,"가족/일반, 체험별 유료",robots R-A/T-1; 마이페이지·쇼핑·예약 데이터 제외,metadata-only · P3,P3,policy_or_access_blocked,,"No automated collector until an official API, permission, or partnership exists.",official_page_verified,2026-07-15,docs/research/private-brands.md
private_brands:022,private_brands,22,현대백화점그룹 · 경기 판교 · 현대어린이책미술관 교육,https://www.hmoka.org/programs/exhibition/list.do?st_cd=480,,JSON 공개 POST data.do; 교육명·기간·대상·장소·요금·상태,"6세~초6, 공식 목록에 2만원대 프로그램 다수","robots R-A/T-0; 공개 검색 POST만, 신청 제외",allowlist · P1,P1,implemented_opt_in,hmoka_programs,Public list POST only; policy review required before operation.,official_page_verified,2026-07-15,docs/research/private-brands.md
private_brands:023,private_brands,23,삼성문화재단 · 서울 · 리움 프로그램,https://www.leeumhoam.org/leeum/edu/program,,JSON 공개 목록 + 상세 EditorJS; 키즈 필터,"공식 키즈랩 무료 사례, 초3~4 등 회차별","robots R-N/T-0; 예약 로그인 제외, 상태와 종료일 교차검증",allowlist · P1,P1,implemented_opt_in,leeum_hoam_programs,Unified public-list parser; private source approval remains explicit.,official_page_verified,2026-07-15,docs/research/private-brands.md
private_brands:024,private_brands,24,삼성문화재단 · 경기 용인 · 호암 어린이 프로그램,https://www.leeumhoam.org/leeum/edu/program,,리움 통합 목록에 호암 장소 프로그램 포함; 상세 URL은 /hoam/program/{id},공식 상세의 무료 어린이+보호자 사례,robots R-N/T-0; 장소 필드로 분리,allowlist · P1,P1,implemented_opt_in,leeum_hoam_programs,Unified parser separates venues; private source approval remains explicit.,official_page_verified,2026-07-15,docs/research/private-brands.md
private_brands:025,private_brands,25,대림문화재단 · 서울 성동 · D MUSEUM 교육,https://www.daelimmuseum.org/learn/education/home,,공개 api.daelimmuseum.org/v1/program/learn/* JSON,"공식 목록 사례: 4~10세 3만원, 단체 4~13세 2만원",robots R-N/T-0; 결제/예약 제외,allowlist · P1,P1,researched_not_implemented,,Verified candidate; requires a source-specific contract and policy approval.,official_page_verified,2026-07-15,docs/research/private-brands.md
private_brands:026,private_brands,26,대림문화재단 · 서울 종로 · 대림미술관 교육,https://www.daelimmuseum.org/learn/education/home,,"D MUSEUM과 같은 공개 API, eduPlace로 장소 분리",어린이/가족 여부·요금은 회차별,robots R-N/T-0,allowlist · P1,P1,researched_not_implemented,,Verified candidate; requires a source-specific contract and policy approval.,official_page_verified,2026-07-15,docs/research/private-brands.md
private_brands:027,private_brands,27,아모레퍼시픽 · 서울 용산 · APMA PROGRAM,https://apma.amorepacific.com/contents/program/index.do,,HTML 공개 프로그램 목록/상세,검증일 목록은 일반/전문가 프로그램 중심; 어린이 키워드만 감시,"robots R-A/T-0; /api/, /ajax/, 마이페이지 차단",metadata-only · P2,P2,researched_not_implemented,,Verified candidate; requires a source-specific contract and policy approval.,official_page_verified,2026-07-15,docs/research/private-brands.md
private_brands:028,private_brands,28,롯데문화재단 · 서울 송파 · Lotte Museum 프로그램,https://www.lottemuseum.com/ko/programs/?cate=event,,HTML/SPA 공개 목록/상세,"어린이·교육 프로그램과 유료 전시, 가격은 상세별",robots R-N/T-1; L.POINT/티켓 흐름 제외,metadata-only · P2,P2,researched_not_implemented,,Verified candidate; requires a source-specific contract and policy approval.,official_page_verified,2026-07-15,docs/research/private-brands.md
private_brands:029,private_brands,29,한솔문화재단 · 강원 원주 · Museum SAN 관람 안내,https://www.museumsan.org/guide/visitor,,static HTML; 교육은 공지/PDF 분산,공식 아동 관람료와 가족 프로그램은 페이지별 확인,robots R-A/T-0; 반복 모집 목록 미확인,metadata-only · P3,P3,policy_or_access_blocked,,"No automated collector until an official API, permission, or partnership exists.",official_page_verified,2026-07-15,docs/research/private-brands.md
private_brands:030,private_brands,30,헬로우뮤지움 · 서울 성동 · 공식 홈페이지,https://hellomuseum.com/,,아임웹 HTML/공지/PDF; 어린이 전문 미술관,"어린이·가족, 비용은 프로그램별",robots R-A/T-0; 로그인/장바구니 차단,metadata-only · P2,P2,researched_not_implemented,,Verified candidate; requires a source-specific contract and policy approval.,official_page_verified,2026-07-15,docs/research/private-brands.md
private_brands:031,private_brands,31,사비나미술관 · 서울 은평 · 어린이 교육,https://www.savinamuseum.com/kor/education/education01_childinfo.jsp,,레거시 JSP HTML; 교육 소개와 뉴스 상세,"어린이 융복합 미술교육, 비용/일정은 상세별",robots R-N/T-0,metadata-only · P2,P2,researched_not_implemented,,Verified candidate; requires a source-specific contract and policy approval.,official_page_verified,2026-07-15,docs/research/private-brands.md
private_brands:032,private_brands,32,가현문화재단 · 서울 삼청 · Museum Hanmi,https://museumhanmi.or.kr/,,WordPress HTML·공식 PDF; 시즌 어린이 프로그램,"어린이/가족, 가격은 공고별",robots R-A/T-0; RSS는 사이트 공지용으로만 평가,metadata-only · P2,P2,researched_not_implemented,,Verified candidate; requires a source-specific contract and policy approval.,official_page_verified,2026-07-15,docs/research/private-brands.md
private_brands:033,private_brands,33,모란미술관 · 경기 남양주 · 공식 홈페이지,https://www.moranmuseum.org/,,아임웹 HTML; 교육/어린이 공모 공지,"어린이 미술대회·교육, 비용은 공고별",robots R-A/T-0; 로그인 제외,metadata-only · P2,P2,researched_not_implemented,,Verified candidate; requires a source-specific contract and policy approval.,official_page_verified,2026-07-15,docs/research/private-brands.md
private_brands:034,private_brands,34,포도뮤지엄 · 제주 · 교육·문화 프로그램,https://www.podomuseum.com/program2,,아임웹 HTML 카드/상세; 2026 프로그램 게시,"어린이·청소년 관람료 6천원, 일부 공식 프로그램 무료/1만원",robots R-A/T-0; 네이버 예약 잔여석은 제외,metadata-only · P2,P2,researched_not_implemented,,Verified candidate; requires a source-specific contract and policy approval.,official_page_verified,2026-07-15,docs/research/private-brands.md
private_brands:035,private_brands,35,본태박물관 · 제주 · 교육 프로그램,https://bontemuseum.com/academy-jeju,,아임웹 HTML; 현재 공개 아카데미는 성인 중심,검증일 프로그램은 초등 직접 신청과 맞지 않고 고가 멤버십 중심,robots R-A/T-1,deny · P3,P3,policy_or_access_blocked,,"No automated collector until an official API, permission, or partnership exists.",official_page_verified,2026-07-15,docs/research/private-brands.md
private_brands:036,private_brands,36,송은문화재단 · 서울 강남 · SONGEUN,https://www.songeun.or.kr/,,공식 전시/프로그램 페이지 존재,일반 관람; 어린이 반복 목록 미확인,robots R-X(Disallow /),deny · P3,P3,policy_or_access_blocked,,"No automated collector until an official API, permission, or partnership exists.",official_page_verified,2026-07-15,docs/research/private-brands.md
private_brands:037,private_brands,37,태진문화재단 · 서울 강남 · Platform-L,https://platform-l.org/,,HTML/SPA 프로그램; 어린이 키워드 감시,프로그램별 대상·가격,robots R-N/T-0; Yeti만 명시되어 타 UA 허용으로 단정 금지,metadata-only · P3,P3,policy_or_access_blocked,,"No automated collector until an official API, permission, or partnership exists.",official_page_verified,2026-07-15,docs/research/private-brands.md
private_brands:038,private_brands,38,Kunst1 · 부산 · Museum 1,https://museum1.co.kr/,,아임웹 HTML; 현재 전시와 티켓 중심,"가족 관람 가능, 유료; 어린이 교육 목록 미확인",robots R-A/T-1,metadata-only · P3,P3,policy_or_access_blocked,,"No automated collector until an official API, permission, or partnership exists.",official_page_verified,2026-07-15,docs/research/private-brands.md
private_brands:039,private_brands,39,브릭캠퍼스 · 제주 · 전시/체험,https://www.brickcampus.com/page/exhibition?gbn=1,,"HTML, 지점 파라미터 gbn=1","공식 페이지 1.6만원, 36개월 미만 무료; 체험존 상설",robots R-A/T-1; 티켓 제외,metadata-only · P3,P3,policy_or_access_blocked,,"No automated collector until an official API, permission, or partnership exists.",official_page_verified,2026-07-15,docs/research/private-brands.md
private_brands:040,private_brands,40,브릭캠퍼스 · 부산 기장 · 전시/체험,https://www.brickcampus.com/page/exhibition?gbn=2,,"HTML, gbn=2; 운영시간/요금","공식 페이지 1.5만원, 36개월 미만 무료",robots R-A/T-1,metadata-only · P3,P3,policy_or_access_blocked,,"No automated collector until an official API, permission, or partnership exists.",official_page_verified,2026-07-15,docs/research/private-brands.md
private_brands:041,private_brands,41,석파문화원 · 서울 종로 · 석파정 서울미술관 어린이 교육,https://seoulmuseum.org/%EC%96%B4%EB%A6%B0%EC%9D%B4-%EA%B5%90%EC%9C%A1,,아임웹 HTML 카드; 현재/종료 프로그램 혼재,"어린이·가족, 가격은 상세별",robots R-A/T-0; 종료 여부 필수,metadata-only · P2,P2,researched_not_implemented,,Verified candidate; requires a source-specific contract and policy approval.,official_page_verified,2026-07-15,docs/research/private-brands.md
private_brands:042,private_brands,42,KT&G · 서울 홍대 · 상상마당 아카데미,https://www.sangsangmadang.com/lec/list,,HTML/JSON성 목록; 지점·분야 필터,"대부분 성인/청년 유료, 어린이 키워드만 선별",robots R-N/T-1; 결제 제외,metadata-only · P3,P3,policy_or_access_blocked,,"No automated collector until an official API, permission, or partnership exists.",official_page_verified,2026-07-15,docs/research/private-brands.md
private_brands:043,private_brands,43,KT&G · 강원 춘천 · 상상마당 아카데미,https://www.sangsangmadang.com/lec/list,,"42와 공통 목록, 춘천 장소 필터",가족/어린이 결과가 있을 때만,robots R-N/T-1,metadata-only · P3,P3,policy_or_access_blocked,,"No automated collector until an official API, permission, or partnership exists.",official_page_verified,2026-07-15,docs/research/private-brands.md
private_brands:044,private_brands,44,KT&G · 부산 · 상상마당 아카데미,https://www.sangsangmadang.com/lec/list,,"42와 공통 목록, 부산 장소 필터",가족/어린이 결과가 있을 때만,robots R-N/T-1,metadata-only · P3,P3,policy_or_access_blocked,,"No automated collector until an official API, permission, or partnership exists.",official_page_verified,2026-07-15,docs/research/private-brands.md
private_brands:045,private_brands,45,아라리오 · 제주 · ARARIO Museum 공식 소개,https://www.arario.com/bbs/content.php?co_id=business02,,"static HTML; 전시시설 소개, 반복 어린이 목록 없음",일반/가족 유료 관람,robots R-A/T-0; 관리자 경로 제외,metadata-only · P3,P3,policy_or_access_blocked,,"No automated collector until an official API, permission, or partnership exists.",official_page_verified,2026-07-15,docs/research/private-brands.md
private_brands:046,private_brands,46,파라다이스시티 · 인천 · Artis Adventure 키즈 패키지,https://www.p-city.com/front/reservation/reservationStep1To2?RP_SEQ=12445,,공식 예약 상품 HTML; 상시 목록보다는 상품 단위,"어린이 동반 예술 체험, 숙박/시설 결합 고가 상품",robots R-A/T-1; 관리자·가격·결제·객실 API 제외,metadata-only · P3,P3,policy_or_access_blocked,,"No automated collector until an official API, permission, or partnership exists.",official_page_verified,2026-07-15,docs/research/private-brands.md
private_brands:047,private_brands,47,롯데백화점 · 전국 · 문화센터 강좌,https://culture.lotteshopping.com/index.do,,"레거시 .do HTML, 지점/학기/강좌 상세","유아·초등 원데이/요리/과학, 유료 다양",robots R-A/T-1; 회원/결제 제외,metadata-only · P1,P1,researched_not_implemented,,Verified candidate; requires a source-specific contract and policy approval.,official_page_verified,2026-07-15,docs/research/private-brands.md
private_brands:048,private_brands,48,현대백화점 · 전국 · 문화센터,https://www.ehyundai.com/newCulture/CT/CT000000_M.do,,.do HTML/검색; 지점·학기별,"유아·초등 강좌, 유료 다양",robots R-N/T-1; 검색 경로 robots 해석이 불명확해 제휴 우선,partnership · P2,P2,policy_or_access_blocked,,"No automated collector until an official API, permission, or partnership exists.",official_page_verified,2026-07-15,docs/research/private-brands.md
private_brands:049,private_brands,49,현대백화점 · 서울/판교 · CH 1985,https://www.ehyundai.com/newCulture/CT/CT000000_M.do,,"48과 같은 플랫폼, 브랜드/지점 필터",현재 성인 강좌 비중이 높아 어린이 결과만,robots R-N/T-1,partnership · P3,P3,policy_or_access_blocked,,"No automated collector until an official API, permission, or partnership exists.",official_page_verified,2026-07-15,docs/research/private-brands.md
private_brands:050,private_brands,50,신세계 · 전국 · 신세계 아카데미,https://sacademy.shinsegae.com/sdotcom/MW0010P0/MW0010P0.do,,".do HTML/JS, 12개 지점 목록","유아·초등 강좌, 유료 다양",robots R-N/T-1; 로그인/결제 제외,metadata-only · P2,P2,researched_not_implemented,,Verified candidate; requires a source-specific contract and policy approval.,official_page_verified,2026-07-15,docs/research/private-brands.md
private_brands:051,private_brands,51,AK플라자 · 경기/강원 · 문화아카데미,https://culture.akplaza.com/academy/store01,,"SPA/HTML, 분당·수원·평택·원주","유아·초등 강좌, 유료 다양",robots R-N/T-1; 회원 예약 제외,metadata-only · P2,P2,researched_not_implemented,,Verified candidate; requires a source-specific contract and policy approval.,official_page_verified,2026-07-15,docs/research/private-brands.md
private_brands:052,private_brands,52,홈플러스 · 전국 · 문화센터,https://mschool.homeplus.co.kr/,,공식 목록은 있으나 검증 환경 400; 지점·강좌 검색,유아·초등 저가 강좌 다수,robots R-W/T-1; 저작권/상업 카탈로그 검토 전 자동수집 금지,partnership · P2,P2,policy_or_access_blocked,,"No automated collector until an official API, permission, or partnership exists.",official_page_verified,2026-07-15,docs/research/private-brands.md
private_brands:053,private_brands,53,갤러리아 · 전국 · 문화센터 공개 강좌,https://dept.galleria.co.kr/g-culture/culture-center/branch/centercity/open-lecture,,"HTML/SPA, 지점·강좌 카드","유아·초등 강좌, 유료 다양",robots R-N/T-1; 로그인/결제 제외,metadata-only · P2,P2,researched_not_implemented,,Verified candidate; requires a source-specific contract and policy approval.,official_page_verified,2026-07-15,docs/research/private-brands.md
private_brands:054,private_brands,54,IKEA · 경기 고양 · 매장 이벤트/프로모션,https://www.ikea.com/kr/ko/stores/goyang/,,공개 CMS HTML; 어린이 생일파티·워크숍 링크,"무료/회원/유료가 이벤트별 상이, 어린이·가족",robots R-A/T-1; IKEA Family 신청 제외,metadata-only · P1,P1,researched_not_implemented,,Verified candidate; requires a source-specific contract and policy approval.,official_page_verified,2026-07-15,docs/research/private-brands.md
private_brands:055,private_brands,55,IKEA · 경기 광명 · 매장 이벤트,https://www.ikea.com/kr/ko/stores/gwangmyeong/,,"54와 같은 CMS, 지점 slug",이벤트별 대상·가격,robots R-A/T-1,metadata-only · P2,P2,researched_not_implemented,,Verified candidate; requires a source-specific contract and policy approval.,official_page_verified,2026-07-15,docs/research/private-brands.md
private_brands:056,private_brands,56,IKEA · 경기 기흥 · 매장 이벤트,https://www.ikea.com/kr/ko/stores/giheung/,,"54와 같은 CMS, 지점 slug","어린이/가족 이벤트, 조건별",robots R-A/T-1,metadata-only · P2,P2,researched_not_implemented,,Verified candidate; requires a source-specific contract and policy approval.,official_page_verified,2026-07-15,docs/research/private-brands.md
private_brands:057,private_brands,57,IKEA · 부산 동부산 · 매장 이벤트,https://www.ikea.com/kr/ko/stores/dong-busan/,,"54와 같은 CMS, 지점 slug","어린이/가족 이벤트, 조건별",robots R-A/T-1,metadata-only · P2,P2,researched_not_implemented,,Verified candidate; requires a source-specific contract and policy approval.,official_page_verified,2026-07-15,docs/research/private-brands.md
private_brands:058,private_brands,58,IKEA · 서울 강동 · 매장 이벤트,https://www.ikea.com/kr/ko/stores/gangdong/,,"54와 같은 CMS, 지점 slug",어린이날 등 가족 행사; 일부 IKEA Family 조건,robots R-A/T-1,metadata-only · P2,P2,researched_not_implemented,,Verified candidate; requires a source-specific contract and policy approval.,official_page_verified,2026-07-15,docs/research/private-brands.md
private_brands:059,private_brands,59,스타필드 · 경기 안성 · 별마당 키즈,https://www.starfield.co.kr/anseong/entertainment/libraryKids.do,,static HTML; “이달의 프로그램” 영역 있으나 상시 비어 있을 수 있음,"어린이·가족, 행사별 무료/유료",robots R-A/T-1; 시설과 회차 분리,metadata-only · P2,P2,researched_not_implemented,,Verified candidate; requires a source-specific contract and policy approval.,official_page_verified,2026-07-15,docs/research/private-brands.md
private_brands:060,private_brands,60,스타필드시티 · 경기 부천 · 별마당 키즈,https://www.starfield.co.kr/bucheon/entertainment/libraryKids.do,,HTML; 월간 프로그램 영역,"어린이·가족, 행사별",robots R-A/T-1,metadata-only · P2,P2,researched_not_implemented,,Verified candidate; requires a source-specific contract and policy approval.,official_page_verified,2026-07-15,docs/research/private-brands.md
private_brands:061,private_brands,61,스타필드 · 경기 고양 · 이벤트 목록,https://www.starfield.co.kr/goyang/eventBenefit/events,,"공개 SSR/SPA 목록, 상세 ID EV...",어린이·가족 키워드 결과만; 가격은 상세별,robots R-A/T-1; 브랜드 할인 이벤트와 교육행사 구분,metadata-only · P2,P2,researched_not_implemented,,Verified candidate; requires a source-specific contract and policy approval.,official_page_verified,2026-07-15,docs/research/private-brands.md
private_brands:062,private_brands,62,스타필드 · 경기 하남 · 이벤트 목록,https://www.starfield.co.kr/hanam/eventBenefit/events,,61과 공통 라우트,어린이·가족 결과만,robots R-A/T-1,metadata-only · P2,P2,researched_not_implemented,,Verified candidate; requires a source-specific contract and policy approval.,official_page_verified,2026-07-15,docs/research/private-brands.md
private_brands:063,private_brands,63,스타필드 · 경기 수원 · 이벤트 목록,https://www.starfield.co.kr/suwon/eventBenefit/events,,61과 공통 라우트,어린이·가족 결과만,robots R-A/T-1,metadata-only · P2,P2,researched_not_implemented,,Verified candidate; requires a source-specific contract and policy approval.,official_page_verified,2026-07-15,docs/research/private-brands.md
private_brands:064,private_brands,64,MBC Playbe · 서울 잠실 · KidZania 서울,https://www.kidzania.co.kr/home.do?srcLocalDiv=001,,"공식 HTML 시설/이벤트, 지역 코드 001; 티켓 별도","어린이 직업체험, 유료",robots R-N/T-1; 회원/티켓/키조 계정 제외,metadata-only · P2,P2,researched_not_implemented,,Verified candidate; requires a source-specific contract and policy approval.,official_page_verified,2026-07-15,docs/research/private-brands.md
private_brands:065,private_brands,65,MBC Playbe · 부산 센텀 · KidZania 부산,https://www.kidzania.co.kr/home.do?srcLocalDiv=002,,"서울과 공통 레거시 HTML, 지역 코드 002","어린이 직업체험, 유료",robots R-N/T-1,metadata-only · P2,P2,researched_not_implemented,,Verified candidate; requires a source-specific contract and policy approval.,official_page_verified,2026-07-15,docs/research/private-brands.md
private_brands:066,private_brands,66,Merlin · 부산 해운대 · SEA LIFE 체험,https://www.visitsealife.com/busan/whats-inside/,,"공개 CMS HTML, 체험/이벤트/학교 페이지","어린이·가족, 유료; 학교 프로그램 별도",robots R-A/T-1; 티켓 제외,metadata-only · P2,P2,researched_not_implemented,,Verified candidate; requires a source-specific contract and policy approval.,official_page_verified,2026-07-15,docs/research/private-brands.md
private_brands:067,private_brands,67,Merlin · 서울 코엑스 · SEA LIFE COEX,https://www.visitsealife.com/coex-seoul/,,66과 같은 CMS,"어린이·가족, 유료",robots R-A/T-1,metadata-only · P2,P2,researched_not_implemented,,Verified candidate; requires a source-specific contract and policy approval.,official_page_verified,2026-07-15,docs/research/private-brands.md
private_brands:068,private_brands,68,한화 · 제주 · Aqua Planet Jeju,https://www.aquaplanet.co.kr/jeju/index.do,,"레거시 .do HTML, 공연/생태설명/요금","어린이·가족, 고가 유료",robots R-N/T-1; 티켓 제외,metadata-only · P3,P3,policy_or_access_blocked,,"No automated collector until an official API, permission, or partnership exists.",official_page_verified,2026-07-15,docs/research/private-brands.md
private_brands:069,private_brands,69,한화 · 전남 여수 · Aqua Planet Yeosu,https://www.aquaplanet.co.kr/yeosu/index.do,,68과 공통 .do CMS,"어린이·가족, 유료",robots R-N/T-1,metadata-only · P3,P3,policy_or_access_blocked,,"No automated collector until an official API, permission, or partnership exists.",official_page_verified,2026-07-15,docs/research/private-brands.md
private_brands:070,private_brands,70,한화 · 경기 일산 · Aqua Planet Ilsan,https://m.aquaplanet.co.kr/ilsan/index.do,,"모바일 .do CMS, 지점별 일정","어린이·가족, 유료",robots R-N/T-1,metadata-only · P3,P3,policy_or_access_blocked,,"No automated collector until an official API, permission, or partnership exists.",official_page_verified,2026-07-15,docs/research/private-brands.md
private_brands:071,private_brands,71,한화 · 경기 광교 · Aqua Planet Gwanggyo,https://m.aquaplanet.co.kr/gwanggyo/guide/schedule/operating-time.do,,68과 공통 모바일 .do CMS,"어린이·가족, 유료",robots R-N/T-1,metadata-only · P3,P3,policy_or_access_blocked,,"No automated collector until an official API, permission, or partnership exists.",official_page_verified,2026-07-15,docs/research/private-brands.md
private_brands:072,private_brands,72,롯데월드 · 서울 잠실 · Aquarium,https://aquarium.lotteworld.com/,,"공개 HTML/SPA, 생태설명·체험/이벤트","어린이·가족, 유료",robots R-A/T-1; 로그인·티켓·커뮤니케이션 경로 제외,metadata-only · P2,P2,researched_not_implemented,,Verified candidate; requires a source-specific contract and policy approval.,official_page_verified,2026-07-15,docs/research/private-brands.md
private_brands:073,private_brands,73,삼성물산 · 경기 용인 · Everland E3 어린이 생태교육,https://www.witheverland.com/427599,,공식 블로그 HTML; 시즌 모집 공지형,"동물·식물·과학·사육사/수의사 과정, 어린이",robots R-A/T-1; 검색·관리·예약/멤버십 제외,metadata-only · P2,P2,researched_not_implemented,,Verified candidate; requires a source-specific contract and policy approval.,official_page_verified,2026-07-15,docs/research/private-brands.md
private_brands:074,private_brands,74,Merlin · 강원 춘천 · LEGOLAND Korea 시즌 이벤트,https://legoland.kr/%ED%8C%8C%ED%81%AC%EC%9D%B4%EB%B2%A4%ED%8A%B8/,,공개 CMS HTML; 2026 시즌 날짜·상세,"어린이·가족, 파크 입장/추가 체험 유료",robots R-A/T-1; 티켓/호텔 제외,metadata-only · P2,P2,researched_not_implemented,,Verified candidate; requires a source-specific contract and policy approval.,official_page_verified,2026-07-15,docs/research/private-brands.md
private_brands:075,private_brands,75,스마일게이트 · 경기 판교/서울 · Future Lab 프로그램 신청,https://www.futurelab.center/front/program/program,,공개 JSON/HTML 목록; 검증일 어린이 ing/plan 결과는 비어 있음,"어린이·청소년·가족 워크숍, 무료 또는 기부형",robots R-N/T-P; 신청은 회원·개인정보,metadata-only · P2,P2,researched_not_implemented,,Verified candidate; requires a source-specific contract and policy approval.,official_page_verified,2026-07-15,docs/research/private-brands.md
private_brands:076,private_brands,76,NC문화재단 · 서울 · Projectory,https://www.projectory.or.kr/main,,"공식 소개/멤버십 신청, 반복 공개 프로그램 피드 미확인",어린이 프로젝트 공간; 멤버십·상담 선발,robots R-A/T-P; 상담/회원 데이터 수집 금지,partnership · P2,P2,policy_or_access_blocked,,"No automated collector until an official API, permission, or partnership exists.",official_page_verified,2026-07-15,docs/research/private-brands.md
private_brands:077,private_brands,77,네이버 커넥트재단 · 전국/온라인 · 서비스 목록,https://connect.or.kr/services,,공식 HTML; Entry·SEF 등 교육서비스 소개,초등 SW·AI 콘텐츠가 있으나 위치 기반 부모 직접 모집 피드는 아님,robots R-N/T-P; 개별 서비스와 제휴 필요,partnership · P3,P3,policy_or_access_blocked,,"No automated collector until an official API, permission, or partnership exists.",official_page_verified,2026-07-15,docs/research/private-brands.md
private_brands:078,private_brands,78,LG · 서울대/온라인/미국 · LG AI 청소년 캠프,https://lgaiyouthcamp.or.kr/introduction/aicamp,,공식 HTML 모집요강·FAQ·히스토리,"초6~중2, 공식 안내 전액 무료, 100명 선발","robots R-N/T-P; 실명·영상·지원서, 연 1회",metadata-only · P2,P2,researched_not_implemented,,Verified candidate; requires a source-specific contract and policy approval.,official_page_verified,2026-07-15,docs/research/private-brands.md
private_brands:079,private_brands,79,삼성 · 전국 · Samsung Dream Class,https://www.dreamclass.org/,,"공식 공지/뉴스 HTML, 학교·멘토 중심",주 대상 중학생; 초등 부모 서비스 범위 밖,robots R-N/T-P,deny · P3,P3,policy_or_access_blocked,,"No automated collector until an official API, permission, or partnership exists.",official_page_verified,2026-07-15,docs/research/private-brands.md
private_brands:080,private_brands,80,POSCO 1% 나눔재단 · 포항/광양 등 · 미래세대 사업,https://poscofoundation.org/front/nanum/001/view.do,,공식 사업소개/공고 HTML·PDF,지역아동센터·기관 대상 예술/환경/진로 사업 중심,robots R-A/T-P; 부모 직접 신청 아님,partnership · P2,P2,policy_or_access_blocked,,"No automated collector until an official API, permission, or partnership exists.",official_page_verified,2026-07-15,docs/research/private-brands.md
private_brands:081,private_brands,81,CJ나눔재단 · 전국 · DonorsCamp 꿈키움,https://www.donorscamp.org/DreamSupport.do,,"공식 HTML/공고, 기관·동아리 신청","아동·청소년, 지원형/무료",robots R-X/T-P; 허용된 공고 경로 외 크롤링 금지,partnership · P2,P2,policy_or_access_blocked,,"No automated collector until an official API, permission, or partnership exists.",official_page_verified,2026-07-15,docs/research/private-brands.md
private_brands:082,private_brands,82,SK · 전국 · 사회적 가치 프로그램,https://sk.co.kr/ko/together/programs.jsp,,"공식 그룹 사업소개 HTML, 개별 사업 링크",SUNNY 등 청년/기관 사업 비중; 초등 부모 직접 목록 아님,robots R-A/T-P; 라이브러리/관리 경로 제외,partnership · P3,P3,policy_or_access_blocked,,"No automated collector until an official API, permission, or partnership exists.",official_page_verified,2026-07-15,docs/research/private-brands.md
private_brands:083,private_brands,83,카카오 · 전국/선발형 · AI Rookie Camp 지원,https://www.kakaoairookiecamp.com/apply,,"공식 신청 페이지, 계정/폼 중심",모집 차수별 연령·비용 확인; 선발형,robots R-A/T-P; 로그인·폼 자동화 금지,partnership · P2,P2,policy_or_access_blocked,,"No automated collector until an official API, permission, or partnership exists.",official_page_verified,2026-07-15,docs/research/private-brands.md
private_brands:084,private_brands,84,파라다이스문화재단 · 서울/인천 · 공지 목록,https://pcf.or.kr/board/notice,,공식 HTML 공지/PDF; 문화예술 지원·시즌 행사,"가족/어린이 여부는 공고별, 대개 프로젝트/기관 단위",robots R-A/T-P,partnership · P3,P3,policy_or_access_blocked,,"No automated collector until an official API, permission, or partnership exists.",official_page_verified,2026-07-15,docs/research/private-brands.md
